image,variant,qp,bytes
chroma_checker,avc420,18,6454
chroma_checker,avc444v1,18,14531
chroma_checker,avc444v2,18,14258
chroma_checker,avc420,22,5423
chroma_checker,avc444v1,22,12444
chroma_checker,avc444v2,22,12386
chroma_checker,avc420,26,4518
chroma_checker,avc444v1,26,10516
chroma_checker,avc444v2,26,10473
chroma_checker,avc420,30,4090
chroma_checker,avc444v1,30,9017
chroma_checker,avc444v2,30,9198
chroma_checker,avc420,34,2998
chroma_checker,avc444v1,34,7460
chroma_checker,avc444v2,34,7632
cleartype_text,avc420,18,15004
cleartype_text,avc444v1,18,26745
cleartype_text,avc444v2,18,25765
cleartype_text,avc420,22,12639
cleartype_text,avc444v1,22,22001
cleartype_text,avc444v2,22,21158
cleartype_text,avc420,26,10423
cleartype_text,avc444v1,26,17284
cleartype_text,avc444v2,26,16707
cleartype_text,avc420,30,8479
cleartype_text,avc444v1,30,12902
cleartype_text,avc444v2,30,12667
cleartype_text,avc420,34,6663
cleartype_text,avc444v1,34,9300
cleartype_text,avc444v2,34,9126
gradient,avc420,18,1383
gradient,avc444v1,18,2715
gradient,avc444v2,18,2215
gradient,avc420,22,1279
gradient,avc444v1,22,2396
gradient,avc444v2,22,1947
gradient,avc420,26,1055
gradient,avc444v1,26,1991
gradient,avc444v2,26,1564
gradient,avc420,30,978
gradient,avc444v1,30,1671
gradient,avc444v2,30,1396
gradient,avc420,34,901
gradient,avc444v1,34,1480
gradient,avc444v2,34,1256
lines_1px,avc420,18,2987
lines_1px,avc444v1,18,9674
lines_1px,avc444v2,18,5244
lines_1px,avc420,22,2740
lines_1px,avc444v1,22,8543
lines_1px,avc444v2,22,4736
lines_1px,avc420,26,2431
lines_1px,avc444v1,26,7677
lines_1px,avc444v2,26,4156
lines_1px,avc420,30,2219
lines_1px,avc444v1,30,6295
lines_1px,avc444v2,30,3696
lines_1px,avc420,34,1946
lines_1px,avc444v1,34,5398
lines_1px,avc444v2,34,3217
solid_patches,avc420,18,798
solid_patches,avc444v1,18,1148
solid_patches,avc444v2,18,1131
solid_patches,avc420,22,793
solid_patches,avc444v1,22,1139
solid_patches,avc444v2,22,1095
solid_patches,avc420,26,775
solid_patches,avc444v1,26,1104
solid_patches,avc444v2,26,1067
solid_patches,avc420,30,769
solid_patches,avc444v1,30,1052
solid_patches,avc444v2,30,1032
solid_patches,avc420,34,751
solid_patches,avc444v1,34,1021
solid_patches,avc444v2,34,1002
text_000080,avc420,18,6180
text_000080,avc444v1,18,13514
text_000080,avc444v2,18,13005
text_000080,avc420,22,4488
text_000080,avc444v1,22,9861
text_000080,avc444v2,22,9644
text_000080,avc420,26,3123
text_000080,avc444v1,26,7338
text_000080,avc444v2,26,7056
text_000080,avc420,30,2244
text_000080,avc444v1,30,5440
text_000080,avc444v2,30,5222
text_000080,avc420,34,1622
text_000080,avc444v1,34,3947
text_000080,avc444v2,34,3766
text_0000ff,avc420,18,8978
text_0000ff,avc444v1,18,19558
text_0000ff,avc444v2,18,18888
text_0000ff,avc420,22,7043
text_0000ff,avc444v1,22,15359
text_0000ff,avc444v2,22,14826
text_0000ff,avc420,26,5177
text_0000ff,avc444v1,26,11260
text_0000ff,avc444v2,26,11058
text_0000ff,avc420,30,3758
text_0000ff,avc444v1,30,8546
text_0000ff,avc444v2,30,8307
text_0000ff,avc420,34,2661
text_0000ff,avc444v1,34,6520
text_0000ff,avc444v2,34,6302
text_00ff00,avc420,18,15832
text_00ff00,avc444v1,18,29911
text_00ff00,avc444v2,18,29406
text_00ff00,avc420,22,13668
text_00ff00,avc444v1,22,25772
text_00ff00,avc444v2,22,25255
text_00ff00,avc420,26,11676
text_00ff00,avc444v1,26,21766
text_00ff00,avc444v2,26,21369
text_00ff00,avc420,30,9887
text_00ff00,avc444v1,30,18037
text_00ff00,avc444v2,30,17735
text_00ff00,avc420,34,8104
text_00ff00,avc444v1,34,14446
text_00ff00,avc444v2,34,14354
text_800000,avc420,18,9185
text_800000,avc444v1,18,18151
text_800000,avc444v2,18,17781
text_800000,avc420,22,7370
text_800000,avc444v1,22,14297
text_800000,avc444v2,22,14097
text_800000,avc420,26,5548
text_800000,avc444v1,26,10416
text_800000,avc444v2,26,10384
text_800000,avc420,30,3944
text_800000,avc444v1,30,7159
text_800000,avc444v2,30,7197
text_800000,avc420,34,2615
text_800000,avc444v1,34,4633
text_800000,avc444v2,34,4823
text_ff0000,avc420,18,12010
text_ff0000,avc444v1,18,24256
text_ff0000,avc444v2,18,23413
text_ff0000,avc420,22,10057
text_ff0000,avc444v1,22,20105
text_ff0000,avc444v2,22,19550
text_ff0000,avc420,26,8209
text_ff0000,avc444v1,26,16185
text_ff0000,avc444v2,26,15805
text_ff0000,avc420,30,6451
text_ff0000,avc444v1,30,12252
text_ff0000,avc444v2,30,12171
text_ff0000,avc420,34,4681
text_ff0000,avc444v1,34,8745
text_ff0000,avc444v2,34,8863
text_ffffff,avc420,18,10847
text_ffffff,avc444v1,18,10906
text_ffffff,avc444v2,18,10906
text_ffffff,avc420,22,9502
text_ffffff,avc444v1,22,9565
text_ffffff,avc444v2,22,9565
text_ffffff,avc420,26,8182
text_ffffff,avc444v1,26,8241
text_ffffff,avc444v2,26,8241
text_ffffff,avc420,30,7154
text_ffffff,avc444v1,30,7188
text_ffffff,avc444v2,30,7188
text_ffffff,avc420,34,6169
text_ffffff,avc444v1,34,6185
text_ffffff,avc444v2,34,6185
