image,version,qp,comp,rms_err_main_mean,rms_err_reconstructed,ratio
chroma_checker,1,18,U,0.257,1.33,5.18
chroma_checker,1,18,V,0.29,1.718,5.93
chroma_checker,2,18,U,0.257,1.399,5.44
chroma_checker,2,18,V,0.29,1.864,6.43
chroma_checker,1,22,U,0.471,2.338,4.97
chroma_checker,1,22,V,0.618,2.618,4.24
chroma_checker,2,22,U,0.471,2.562,5.45
chroma_checker,2,22,V,0.618,2.761,4.47
chroma_checker,1,26,U,0.703,3.399,4.84
chroma_checker,1,26,V,0.872,3.723,4.27
chroma_checker,2,26,U,0.703,4.379,6.23
chroma_checker,2,26,V,0.872,4.159,4.77
chroma_checker,1,30,U,1.327,6.974,5.26
chroma_checker,1,30,V,1.496,5.781,3.87
chroma_checker,2,30,U,1.327,6.553,4.94
chroma_checker,2,30,V,1.496,6.817,4.56
chroma_checker,1,34,U,2.797,10.213,3.65
chroma_checker,1,34,V,2.226,8.198,3.68
chroma_checker,2,34,U,2.797,10.389,3.71
chroma_checker,2,34,V,2.226,9.182,4.12
cleartype_text,1,18,U,0.632,3.093,4.9
cleartype_text,1,18,V,0.624,3.051,4.89
cleartype_text,2,18,U,0.632,3.103,4.91
cleartype_text,2,18,V,0.624,3.001,4.81
cleartype_text,1,22,U,0.973,4.541,4.67
cleartype_text,1,22,V,0.979,4.542,4.64
cleartype_text,2,22,U,0.973,4.612,4.74
cleartype_text,2,22,V,0.979,4.548,4.65
cleartype_text,1,26,U,1.471,6.65,4.52
cleartype_text,1,26,V,1.486,6.612,4.45
cleartype_text,2,26,U,1.471,6.81,4.63
cleartype_text,2,26,V,1.486,6.663,4.48
cleartype_text,1,30,U,2.275,10.34,4.55
cleartype_text,1,30,V,2.224,10.091,4.54
cleartype_text,2,30,U,2.275,10.582,4.65
cleartype_text,2,30,V,2.224,10.367,4.66
cleartype_text,1,34,U,3.489,13.281,3.81
cleartype_text,1,34,V,3.389,13.077,3.86
cleartype_text,2,34,U,3.489,14.36,4.12
cleartype_text,2,34,V,3.389,14.107,4.16
gradient,1,18,U,0.387,1.825,4.71
gradient,1,18,V,0.417,1.94,4.65
gradient,2,18,U,0.387,1.866,4.82
gradient,2,18,V,0.417,2.025,4.85
gradient,1,22,U,0.497,2.307,4.64
gradient,1,22,V,0.502,2.342,4.67
gradient,2,22,U,0.497,2.345,4.72
gradient,2,22,V,0.502,2.334,4.65
gradient,1,26,U,0.65,3.206,4.94
gradient,1,26,V,0.63,2.883,4.58
gradient,2,26,U,0.65,3.146,4.84
gradient,2,26,V,0.63,2.907,4.61
gradient,1,30,U,0.801,3.489,4.36
gradient,1,30,V,0.743,3.511,4.72
gradient,2,30,U,0.801,3.625,4.53
gradient,2,30,V,0.743,3.72,5.0
gradient,1,34,U,1.12,4.555,4.07
gradient,1,34,V,1.106,4.626,4.18
gradient,2,34,U,1.12,5.216,4.66
gradient,2,34,V,1.106,5.193,4.69
lines_1px,1,18,U,0.359,1.969,5.48
lines_1px,1,18,V,0.365,1.898,5.2
lines_1px,2,18,U,0.359,1.633,4.55
lines_1px,2,18,V,0.365,1.875,5.14
lines_1px,1,22,U,0.581,2.983,5.13
lines_1px,1,22,V,0.543,2.642,4.87
lines_1px,2,22,U,0.581,2.749,4.73
lines_1px,2,22,V,0.543,2.431,4.48
lines_1px,1,26,U,0.799,4.624,5.79
lines_1px,1,26,V,0.829,4.572,5.51
lines_1px,2,26,U,0.799,3.793,4.75
lines_1px,2,26,V,0.829,4.102,4.95
lines_1px,1,30,U,1.313,6.016,4.58
lines_1px,1,30,V,1.178,5.951,5.05
lines_1px,2,30,U,1.313,6.105,4.65
lines_1px,2,30,V,1.178,5.365,4.55
lines_1px,1,34,U,2.255,10.835,4.8
lines_1px,1,34,V,2.294,8.563,3.73
lines_1px,2,34,U,2.255,9.89,4.39
lines_1px,2,34,V,2.294,9.643,4.2
solid_patches,1,18,U,0.11,0.439,3.99
solid_patches,1,18,V,0.117,0.5,4.29
solid_patches,2,18,U,0.11,0.44,4.0
solid_patches,2,18,V,0.117,0.545,4.68
solid_patches,1,22,U,0.17,0.682,4.01
solid_patches,1,22,V,0.142,0.528,3.72
solid_patches,2,22,U,0.17,0.682,4.01
solid_patches,2,22,V,0.142,0.609,4.29
solid_patches,1,26,U,0.14,0.998,7.14
solid_patches,1,26,V,0.257,1.354,5.27
solid_patches,2,26,U,0.14,0.612,4.38
solid_patches,2,26,V,0.257,1.12,4.36
solid_patches,1,30,U,0.374,2.286,6.11
solid_patches,1,30,V,0.369,2.38,6.45
solid_patches,2,30,U,0.374,1.762,4.71
solid_patches,2,30,V,0.369,1.472,3.99
solid_patches,1,34,U,0.843,4.737,5.62
solid_patches,1,34,V,0.84,3.938,4.69
solid_patches,2,34,U,0.843,4.152,4.93
solid_patches,2,34,V,0.84,4.21,5.01
text_000080,1,18,U,0.576,3.112,5.41
text_000080,1,18,V,0.619,2.859,4.62
text_000080,2,18,U,0.576,3.011,5.23
text_000080,2,18,V,0.619,2.575,4.16
text_000080,1,22,U,0.906,4.592,5.07
text_000080,1,22,V,0.904,3.006,3.33
text_000080,2,22,U,0.906,4.449,4.91
text_000080,2,22,V,0.904,2.714,3.0
text_000080,1,26,U,1.452,6.926,4.77
text_000080,1,26,V,1.065,2.89,2.71
text_000080,2,26,U,1.452,6.797,4.68
text_000080,2,26,V,1.065,2.813,2.64
text_000080,1,30,U,2.201,10.005,4.55
text_000080,1,30,V,1.185,3.481,2.94
text_000080,2,30,U,2.201,10.171,4.62
text_000080,2,30,V,1.185,2.953,2.49
text_000080,1,34,U,3.652,15.682,4.29
text_000080,1,34,V,1.381,2.951,2.14
text_000080,2,34,U,3.652,16.051,4.4
text_000080,2,34,V,1.381,2.982,2.16
text_0000ff,1,18,U,0.588,2.936,5.0
text_0000ff,1,18,V,0.598,2.902,4.85
text_0000ff,2,18,U,0.588,3.139,5.34
text_0000ff,2,18,V,0.598,2.78,4.65
text_0000ff,1,22,U,0.89,4.248,4.77
text_0000ff,1,22,V,0.977,4.175,4.27
text_0000ff,2,22,U,0.89,4.561,5.13
text_0000ff,2,22,V,0.977,4.113,4.21
text_0000ff,1,26,U,1.377,7.018,5.1
text_0000ff,1,26,V,1.458,5.418,3.72
text_0000ff,2,26,U,1.377,6.618,4.81
text_0000ff,2,26,V,1.458,4.789,3.29
text_0000ff,1,30,U,2.178,10.349,4.75
text_0000ff,1,30,V,1.9,4.925,2.59
text_0000ff,2,30,U,2.178,10.138,4.65
text_0000ff,2,30,V,1.9,4.391,2.31
text_0000ff,1,34,U,3.653,16.388,4.49
text_0000ff,1,34,V,2.174,6.006,2.76
text_0000ff,2,34,U,3.653,16.288,4.46
text_0000ff,2,34,V,2.174,5.795,2.67
text_00ff00,1,18,U,0.579,2.935,5.07
text_00ff00,1,18,V,0.579,2.911,5.03
text_00ff00,2,18,U,0.579,2.893,4.99
text_00ff00,2,18,V,0.579,2.985,5.16
text_00ff00,1,22,U,0.896,4.384,4.89
text_00ff00,1,22,V,0.888,4.306,4.85
text_00ff00,2,22,U,0.896,4.447,4.96
text_00ff00,2,22,V,0.888,4.338,4.89
text_00ff00,1,26,U,1.396,6.592,4.72
text_00ff00,1,26,V,1.37,6.455,4.71
text_00ff00,2,26,U,1.396,6.696,4.8
text_00ff00,2,26,V,1.37,6.671,4.87
text_00ff00,1,30,U,2.244,10.31,4.59
text_00ff00,1,30,V,2.184,10.217,4.68
text_00ff00,2,30,U,2.244,10.502,4.68
text_00ff00,2,30,V,2.184,10.239,4.69
text_00ff00,1,34,U,3.568,15.949,4.47
text_00ff00,1,34,V,3.618,15.664,4.33
text_00ff00,2,34,U,3.568,16.064,4.5
text_00ff00,2,34,V,3.618,16.201,4.48
text_800000,1,18,U,0.599,3.097,5.17
text_800000,1,18,V,0.577,3.168,5.49
text_800000,2,18,U,0.599,2.85,4.76
text_800000,2,18,V,0.577,2.984,5.17
text_800000,1,22,U,0.944,4.38,4.64
text_800000,1,22,V,0.916,4.596,5.02
text_800000,2,22,U,0.944,4.211,4.46
text_800000,2,22,V,0.916,4.425,4.83
text_800000,1,26,U,1.463,5.499,3.76
text_800000,1,26,V,1.439,6.906,4.8
text_800000,2,26,U,1.463,5.644,3.86
text_800000,2,26,V,1.439,6.74,4.68
text_800000,1,30,U,2.038,5.856,2.87
text_800000,1,30,V,2.222,10.425,4.69
text_800000,2,30,U,2.038,5.479,2.69
text_800000,2,30,V,2.222,10.34,4.65
text_800000,1,34,U,2.406,7.027,2.92
text_800000,1,34,V,3.653,15.672,4.29
text_800000,2,34,U,2.406,5.598,2.33
text_800000,2,34,V,3.653,15.968,4.37
text_ff0000,1,18,U,0.589,2.817,4.78
text_ff0000,1,18,V,0.583,2.864,4.91
text_ff0000,2,18,U,0.589,2.864,4.86
text_ff0000,2,18,V,0.583,3.117,5.34
text_ff0000,1,22,U,0.955,4.398,4.61
text_ff0000,1,22,V,0.886,4.237,4.78
text_ff0000,2,22,U,0.955,4.465,4.68
text_ff0000,2,22,V,0.886,4.5,5.08
text_ff0000,1,26,U,1.435,6.459,4.5
text_ff0000,1,26,V,1.377,6.475,4.7
text_ff0000,2,26,U,1.435,6.619,4.61
text_ff0000,2,26,V,1.377,6.68,4.85
text_ff0000,1,30,U,2.316,10.028,4.33
text_ff0000,1,30,V,2.167,10.683,4.93
text_ff0000,2,30,U,2.316,9.535,4.12
text_ff0000,2,30,V,2.167,10.087,4.65
text_ff0000,1,34,U,3.4,11.904,3.5
text_ff0000,1,34,V,3.611,16.296,4.51
text_ff0000,2,34,U,3.4,11.299,3.32
text_ff0000,2,34,V,3.611,15.941,4.42
text_ffffff,1,18,U,0.0,1.414,
text_ffffff,1,18,V,0.0,1.438,
text_ffffff,2,18,U,0.0,1.178,
text_ffffff,2,18,V,0.0,1.647,
text_ffffff,1,22,U,0.0,1.516,
text_ffffff,1,22,V,0.0,1.534,
text_ffffff,2,22,U,0.0,1.373,
text_ffffff,2,22,V,0.0,1.686,
text_ffffff,1,26,U,0.0,1.676,
text_ffffff,1,26,V,0.0,1.631,
text_ffffff,2,26,U,0.0,1.535,
text_ffffff,2,26,V,0.0,1.783,
text_ffffff,1,30,U,0.0,1.879,
text_ffffff,1,30,V,0.0,1.797,
text_ffffff,2,30,U,0.0,1.8,
text_ffffff,2,30,V,0.0,1.906,
text_ffffff,1,34,U,0.0,1.941,
text_ffffff,1,34,V,0.0,1.848,
text_ffffff,2,34,U,0.0,1.888,
text_ffffff,2,34,V,0.0,1.942,
