image,path,max_err_8bit_units
chroma_checker,rfx_11.5_fixed,0.34375
chroma_checker,progressive_8bit,12
chroma_checker,progressive_8bit_reduce_extrapolate,5
cleartype_text,rfx_11.5_fixed,0.40625
cleartype_text,progressive_8bit,14
cleartype_text,progressive_8bit_reduce_extrapolate,5
gradient,rfx_11.5_fixed,0.34375
gradient,progressive_8bit,10
gradient,progressive_8bit_reduce_extrapolate,4
lines_1px,rfx_11.5_fixed,0.375
lines_1px,progressive_8bit,11
lines_1px,progressive_8bit_reduce_extrapolate,5
solid_patches,rfx_11.5_fixed,0
solid_patches,progressive_8bit,0
solid_patches,progressive_8bit_reduce_extrapolate,0
text_000080,rfx_11.5_fixed,0.40625
text_000080,progressive_8bit,14
text_000080,progressive_8bit_reduce_extrapolate,6
text_0000ff,rfx_11.5_fixed,0.4375
text_0000ff,progressive_8bit,14
text_0000ff,progressive_8bit_reduce_extrapolate,6
text_00ff00,rfx_11.5_fixed,0.46875
text_00ff00,progressive_8bit,13
text_00ff00,progressive_8bit_reduce_extrapolate,6
text_800000,rfx_11.5_fixed,0.375
text_800000,progressive_8bit,13
text_800000,progressive_8bit_reduce_extrapolate,6
text_ff0000,rfx_11.5_fixed,0.4375
text_ff0000,progressive_8bit,15
text_ff0000,progressive_8bit_reduce_extrapolate,6
text_ffffff,rfx_11.5_fixed,0.375
text_ffffff,progressive_8bit,13
text_ffffff,progressive_8bit_reduce_extrapolate,5
