check,image,max_abs_diff,pct_samples_diff
split_main_v1,chroma_checker,0,0.0
split_aux_v1,chroma_checker,0,0.0
split_main_v2,chroma_checker,0,0.0
split_aux_v2,chroma_checker,0,0.0
combine_v1_generic_qp22_vs_spec_model,chroma_checker,0,0.0
combine_v1_opt_qp22_vs_spec_model,chroma_checker,255,22.332
combine_v1_generic_noenc_vs_spec_model,chroma_checker,0,0.0
combine_v1_opt_noenc_vs_spec_model,chroma_checker,255,12.5
combine_v2_generic_qp22_vs_spec_model,chroma_checker,0,0.0
combine_v2_opt_qp22_vs_spec_model,chroma_checker,0,0.0
combine_v2_generic_noenc_vs_spec_model,chroma_checker,0,0.0
combine_v2_opt_noenc_vs_spec_model,chroma_checker,0,0.0
nscodec_cll1_freerdp_vs_ironrdp_decoder,chroma_checker,0,0.0
nscodec_cll1_freerdp_vs_source,chroma_checker,2,50.0
nscodec_cll3_freerdp_vs_ironrdp_decoder,chroma_checker,0,0.0
nscodec_cll3_freerdp_vs_source,chroma_checker,4,75.0
nscodec_cll7_freerdp_vs_ironrdp_decoder,chroma_checker,0,0.0
nscodec_cll7_freerdp_vs_source,chroma_checker,64,75.0
clearcodec_freerdp_vs_ironrdp_decoder,chroma_checker,0,0.0
clearcodec_freerdp_vs_source,chroma_checker,0,0.0
planar_freerdp_vs_ironrdp_decoder,chroma_checker,0,0.0
planar_freerdp_vs_source,chroma_checker,0,0.0
split_main_v1,cleartype_text,0,0.0
split_aux_v1,cleartype_text,0,0.0
split_main_v2,cleartype_text,0,0.0
split_aux_v2,cleartype_text,0,0.0
combine_v1_generic_qp22_vs_spec_model,cleartype_text,56,0.1
combine_v1_opt_qp22_vs_spec_model,cleartype_text,255,24.382
combine_v1_generic_noenc_vs_spec_model,cleartype_text,56,0.122
combine_v1_opt_noenc_vs_spec_model,cleartype_text,255,12.168
combine_v2_generic_qp22_vs_spec_model,cleartype_text,56,0.11
combine_v2_opt_qp22_vs_spec_model,cleartype_text,56,0.11
combine_v2_generic_noenc_vs_spec_model,cleartype_text,56,0.122
combine_v2_opt_noenc_vs_spec_model,cleartype_text,56,0.122
nscodec_cll1_freerdp_vs_ironrdp_decoder,cleartype_text,0,0.0
nscodec_cll1_freerdp_vs_source,cleartype_text,2,16.338
nscodec_cll3_freerdp_vs_ironrdp_decoder,cleartype_text,0,0.0
nscodec_cll3_freerdp_vs_source,cleartype_text,6,18.984
nscodec_cll7_freerdp_vs_ironrdp_decoder,cleartype_text,0,0.0
nscodec_cll7_freerdp_vs_source,cleartype_text,126,19.172
clearcodec_freerdp_vs_ironrdp_decoder,cleartype_text,0,0.0
clearcodec_freerdp_vs_source,cleartype_text,0,0.0
planar_freerdp_vs_ironrdp_decoder,cleartype_text,0,0.0
planar_freerdp_vs_source,cleartype_text,0,0.0
split_main_v1,gradient,0,0.0
split_aux_v1,gradient,0,0.0
split_main_v2,gradient,0,0.0
split_aux_v2,gradient,0,0.0
combine_v1_generic_qp22_vs_spec_model,gradient,0,0.0
combine_v1_opt_qp22_vs_spec_model,gradient,8,28.318
combine_v1_generic_noenc_vs_spec_model,gradient,0,0.0
combine_v1_opt_noenc_vs_spec_model,gradient,4,29.531
combine_v2_generic_qp22_vs_spec_model,gradient,0,0.0
combine_v2_opt_qp22_vs_spec_model,gradient,0,0.0
combine_v2_generic_noenc_vs_spec_model,gradient,0,0.0
combine_v2_opt_noenc_vs_spec_model,gradient,0,0.0
nscodec_cll1_freerdp_vs_ironrdp_decoder,gradient,0,0.0
nscodec_cll1_freerdp_vs_source,gradient,2,82.5
nscodec_cll3_freerdp_vs_ironrdp_decoder,gradient,0,0.0
nscodec_cll3_freerdp_vs_source,gradient,6,93.438
nscodec_cll7_freerdp_vs_ironrdp_decoder,gradient,0,0.0
nscodec_cll7_freerdp_vs_source,gradient,126,94.609
clearcodec_freerdp_vs_ironrdp_decoder,gradient,0,0.0
clearcodec_freerdp_vs_source,gradient,0,0.0
planar_freerdp_vs_ironrdp_decoder,gradient,0,0.0
planar_freerdp_vs_source,gradient,0,0.0
split_main_v1,lines_1px,0,0.0
split_aux_v1,lines_1px,0,0.0
split_main_v2,lines_1px,0,0.0
split_aux_v2,lines_1px,0,0.0
combine_v1_generic_qp22_vs_spec_model,lines_1px,56,0.051
combine_v1_opt_qp22_vs_spec_model,lines_1px,255,27.202
combine_v1_generic_noenc_vs_spec_model,lines_1px,0,0.0
combine_v1_opt_noenc_vs_spec_model,lines_1px,255,15.303
combine_v2_generic_qp22_vs_spec_model,lines_1px,56,0.173
combine_v2_opt_qp22_vs_spec_model,lines_1px,56,0.173
combine_v2_generic_noenc_vs_spec_model,lines_1px,0,0.0
combine_v2_opt_noenc_vs_spec_model,lines_1px,0,0.0
nscodec_cll1_freerdp_vs_ironrdp_decoder,lines_1px,0,0.0
nscodec_cll1_freerdp_vs_source,lines_1px,2,24.619
nscodec_cll3_freerdp_vs_ironrdp_decoder,lines_1px,0,0.0
nscodec_cll3_freerdp_vs_source,lines_1px,4,24.619
nscodec_cll7_freerdp_vs_ironrdp_decoder,lines_1px,0,0.0
nscodec_cll7_freerdp_vs_source,lines_1px,64,27.1
clearcodec_freerdp_vs_ironrdp_decoder,lines_1px,0,0.0
clearcodec_freerdp_vs_source,lines_1px,0,0.0
planar_freerdp_vs_ironrdp_decoder,lines_1px,0,0.0
planar_freerdp_vs_source,lines_1px,0,0.0
split_main_v1,solid_patches,0,0.0
split_aux_v1,solid_patches,0,0.0
split_main_v2,solid_patches,0,0.0
split_aux_v2,solid_patches,0,0.0
combine_v1_generic_qp22_vs_spec_model,solid_patches,0,0.0
combine_v1_opt_qp22_vs_spec_model,solid_patches,5,1.997
combine_v1_generic_noenc_vs_spec_model,solid_patches,0,0.0
combine_v1_opt_noenc_vs_spec_model,solid_patches,0,0.0
combine_v2_generic_qp22_vs_spec_model,solid_patches,0,0.0
combine_v2_opt_qp22_vs_spec_model,solid_patches,0,0.0
combine_v2_generic_noenc_vs_spec_model,solid_patches,0,0.0
combine_v2_opt_noenc_vs_spec_model,solid_patches,0,0.0
nscodec_cll1_freerdp_vs_ironrdp_decoder,solid_patches,0,0.0
nscodec_cll1_freerdp_vs_source,solid_patches,2,50.0
nscodec_cll3_freerdp_vs_ironrdp_decoder,solid_patches,0,0.0
nscodec_cll3_freerdp_vs_source,solid_patches,4,50.0
nscodec_cll7_freerdp_vs_ironrdp_decoder,solid_patches,0,0.0
nscodec_cll7_freerdp_vs_source,solid_patches,64,70.0
clearcodec_freerdp_vs_ironrdp_decoder,solid_patches,0,0.0
clearcodec_freerdp_vs_source,solid_patches,0,0.0
planar_freerdp_vs_ironrdp_decoder,solid_patches,0,0.0
planar_freerdp_vs_source,solid_patches,0,0.0
split_main_v1,text_000080,0,0.0
split_aux_v1,text_000080,0,0.0
split_main_v2,text_000080,0,0.0
split_aux_v2,text_000080,0,0.0
combine_v1_generic_qp22_vs_spec_model,text_000080,56,0.066
combine_v1_opt_qp22_vs_spec_model,text_000080,238,19.795
combine_v1_generic_noenc_vs_spec_model,text_000080,56,0.225
combine_v1_opt_noenc_vs_spec_model,text_000080,235,9.292
combine_v2_generic_qp22_vs_spec_model,text_000080,56,0.076
combine_v2_opt_qp22_vs_spec_model,text_000080,56,0.076
combine_v2_generic_noenc_vs_spec_model,text_000080,56,0.225
combine_v2_opt_noenc_vs_spec_model,text_000080,56,0.225
nscodec_cll1_freerdp_vs_ironrdp_decoder,text_000080,0,0.0
nscodec_cll1_freerdp_vs_source,text_000080,0,0.0
nscodec_cll3_freerdp_vs_ironrdp_decoder,text_000080,0,0.0
nscodec_cll3_freerdp_vs_source,text_000080,6,9.99
nscodec_cll7_freerdp_vs_ironrdp_decoder,text_000080,0,0.0
nscodec_cll7_freerdp_vs_source,text_000080,126,12.756
clearcodec_freerdp_vs_ironrdp_decoder,text_000080,0,0.0
clearcodec_freerdp_vs_source,text_000080,0,0.0
planar_freerdp_vs_ironrdp_decoder,text_000080,0,0.0
planar_freerdp_vs_source,text_000080,0,0.0
split_main_v1,text_0000ff,0,0.0
split_aux_v1,text_0000ff,0,0.0
split_main_v2,text_0000ff,0,0.0
split_aux_v2,text_0000ff,0,0.0
combine_v1_generic_qp22_vs_spec_model,text_0000ff,56,0.081
combine_v1_opt_qp22_vs_spec_model,text_0000ff,255,21.702
combine_v1_generic_noenc_vs_spec_model,text_0000ff,56,0.073
combine_v1_opt_noenc_vs_spec_model,text_0000ff,252,9.429
combine_v2_generic_qp22_vs_spec_model,text_0000ff,56,0.056
combine_v2_opt_qp22_vs_spec_model,text_0000ff,56,0.056
combine_v2_generic_noenc_vs_spec_model,text_0000ff,56,0.073
combine_v2_opt_noenc_vs_spec_model,text_0000ff,56,0.073
nscodec_cll1_freerdp_vs_ironrdp_decoder,text_0000ff,0,0.0
nscodec_cll1_freerdp_vs_source,text_0000ff,0,0.0
nscodec_cll3_freerdp_vs_ironrdp_decoder,text_0000ff,0,0.0
nscodec_cll3_freerdp_vs_source,text_0000ff,6,9.131
nscodec_cll7_freerdp_vs_ironrdp_decoder,text_0000ff,0,0.0
nscodec_cll7_freerdp_vs_source,text_0000ff,126,11.069
clearcodec_freerdp_vs_ironrdp_decoder,text_0000ff,0,0.0
clearcodec_freerdp_vs_source,text_0000ff,0,0.0
planar_freerdp_vs_ironrdp_decoder,text_0000ff,0,0.0
planar_freerdp_vs_source,text_0000ff,0,0.0
split_main_v1,text_00ff00,0,0.0
split_aux_v1,text_00ff00,0,0.0
split_main_v2,text_00ff00,0,0.0
split_aux_v2,text_00ff00,0,0.0
combine_v1_generic_qp22_vs_spec_model,text_00ff00,56,0.154
combine_v1_opt_qp22_vs_spec_model,text_00ff00,255,23.496
combine_v1_generic_noenc_vs_spec_model,text_00ff00,55,0.173
combine_v1_opt_noenc_vs_spec_model,text_00ff00,255,9.343
combine_v2_generic_qp22_vs_spec_model,text_00ff00,56,0.132
combine_v2_opt_qp22_vs_spec_model,text_00ff00,56,0.132
combine_v2_generic_noenc_vs_spec_model,text_00ff00,55,0.173
combine_v2_opt_noenc_vs_spec_model,text_00ff00,55,0.173
nscodec_cll1_freerdp_vs_ironrdp_decoder,text_00ff00,0,0.0
nscodec_cll1_freerdp_vs_source,text_00ff00,1,5.513
nscodec_cll3_freerdp_vs_ironrdp_decoder,text_00ff00,0,0.0
nscodec_cll3_freerdp_vs_source,text_00ff00,4,10.042
nscodec_cll7_freerdp_vs_ironrdp_decoder,text_00ff00,0,0.0
nscodec_cll7_freerdp_vs_source,text_00ff00,64,12.717
clearcodec_freerdp_vs_ironrdp_decoder,text_00ff00,0,0.0
clearcodec_freerdp_vs_source,text_00ff00,0,0.0
planar_freerdp_vs_ironrdp_decoder,text_00ff00,0,0.0
planar_freerdp_vs_source,text_00ff00,0,0.0
split_main_v1,text_800000,0,0.0
split_aux_v1,text_800000,0,0.0
split_main_v2,text_800000,0,0.0
split_aux_v2,text_800000,0,0.0
combine_v1_generic_qp22_vs_spec_model,text_800000,48,0.107
combine_v1_opt_qp22_vs_spec_model,text_800000,204,21.577
combine_v1_generic_noenc_vs_spec_model,text_800000,48,0.225
combine_v1_opt_noenc_vs_spec_model,text_800000,199,9.319
combine_v2_generic_qp22_vs_spec_model,text_800000,48,0.073
combine_v2_opt_qp22_vs_spec_model,text_800000,48,0.073
combine_v2_generic_noenc_vs_spec_model,text_800000,48,0.225
combine_v2_opt_noenc_vs_spec_model,text_800000,48,0.225
nscodec_cll1_freerdp_vs_ironrdp_decoder,text_800000,0,0.0
nscodec_cll1_freerdp_vs_source,text_800000,1,3.965
nscodec_cll3_freerdp_vs_ironrdp_decoder,text_800000,0,0.0
nscodec_cll3_freerdp_vs_source,text_800000,5,10.491
nscodec_cll7_freerdp_vs_ironrdp_decoder,text_800000,0,0.0
nscodec_cll7_freerdp_vs_source,text_800000,95,12.756
clearcodec_freerdp_vs_ironrdp_decoder,text_800000,0,0.0
clearcodec_freerdp_vs_source,text_800000,0,0.0
planar_freerdp_vs_ironrdp_decoder,text_800000,0,0.0
planar_freerdp_vs_source,text_800000,0,0.0
split_main_v1,text_ff0000,0,0.0
split_aux_v1,text_ff0000,0,0.0
split_main_v2,text_ff0000,0,0.0
split_aux_v2,text_ff0000,0,0.0
combine_v1_generic_qp22_vs_spec_model,text_ff0000,48,0.068
combine_v1_opt_qp22_vs_spec_model,text_ff0000,255,23.562
combine_v1_generic_noenc_vs_spec_model,text_ff0000,48,0.073
combine_v1_opt_noenc_vs_spec_model,text_ff0000,252,9.438
combine_v2_generic_qp22_vs_spec_model,text_ff0000,48,0.063
combine_v2_opt_qp22_vs_spec_model,text_ff0000,48,0.063
combine_v2_generic_noenc_vs_spec_model,text_ff0000,48,0.073
combine_v2_opt_noenc_vs_spec_model,text_ff0000,48,0.073
nscodec_cll1_freerdp_vs_ironrdp_decoder,text_ff0000,0,0.0
nscodec_cll1_freerdp_vs_source,text_ff0000,1,5.513
nscodec_cll3_freerdp_vs_ironrdp_decoder,text_ff0000,0,0.0
nscodec_cll3_freerdp_vs_source,text_ff0000,5,11.265
nscodec_cll7_freerdp_vs_ironrdp_decoder,text_ff0000,0,0.0
nscodec_cll7_freerdp_vs_source,text_ff0000,95,12.756
clearcodec_freerdp_vs_ironrdp_decoder,text_ff0000,0,0.0
clearcodec_freerdp_vs_source,text_ff0000,0,0.0
planar_freerdp_vs_ironrdp_decoder,text_ff0000,0,0.0
planar_freerdp_vs_source,text_ff0000,0,0.0
split_main_v1,text_ffffff,0,0.0
split_aux_v1,text_ffffff,0,0.0
split_main_v2,text_ffffff,0,0.0
split_aux_v2,text_ffffff,0,0.0
combine_v1_generic_qp22_vs_spec_model,text_ffffff,0,0.0
combine_v1_opt_qp22_vs_spec_model,text_ffffff,0,0.0
combine_v1_generic_noenc_vs_spec_model,text_ffffff,0,0.0
combine_v1_opt_noenc_vs_spec_model,text_ffffff,0,0.0
combine_v2_generic_qp22_vs_spec_model,text_ffffff,0,0.0
combine_v2_opt_qp22_vs_spec_model,text_ffffff,0,0.0
combine_v2_generic_noenc_vs_spec_model,text_ffffff,0,0.0
combine_v2_opt_noenc_vs_spec_model,text_ffffff,0,0.0
nscodec_cll1_freerdp_vs_ironrdp_decoder,text_ffffff,0,0.0
nscodec_cll1_freerdp_vs_source,text_ffffff,2,7.532
nscodec_cll3_freerdp_vs_ironrdp_decoder,text_ffffff,0,0.0
nscodec_cll3_freerdp_vs_source,text_ffffff,2,7.532
nscodec_cll7_freerdp_vs_ironrdp_decoder,text_ffffff,0,0.0
nscodec_cll7_freerdp_vs_source,text_ffffff,2,7.532
clearcodec_freerdp_vs_ironrdp_decoder,text_ffffff,0,0.0
clearcodec_freerdp_vs_source,text_ffffff,0,0.0
planar_freerdp_vs_ironrdp_decoder,text_ffffff,0,0.0
planar_freerdp_vs_source,text_ffffff,0,0.0
