variant,image,psnr_y,psnr_u,psnr_v,psnr_rgb,ssim_rgb,ssim_y,de2000_mean,de2000_p99,edge_de,edge_chroma_err,edge_sharpness,max_abs_err,bit_exact
avc420_colorconv_only_bt709full,chroma_checker,38.09,16.6,16.82,13.61,0.7595,0.9878,10.347,72.575,0.919,2.522,0.997,146,False
avc420_colorconv_only_bt709full,cleartype_text,48.37,30.48,31.45,27.73,0.9814,0.9991,2.232,23.982,6.273,10.936,0.98,103,False
avc420_colorconv_only_bt709full,gradient,51.99,52.17,52.39,47.79,0.9878,0.9989,0.239,1.168,0.197,0.359,1.003,4,False
avc420_colorconv_only_bt709full,lines_1px,33.38,16.33,18.06,14.02,0.6432,0.9576,8.51,42.531,4.622,12.337,1.006,146,False
avc420_colorconv_only_bt709full,solid_patches,53.91,60.65,59.91,52.49,0.988,1.0,0.1,0.378,0.098,0.212,0.998,1,False
avc420_colorconv_only_bt709full,text_000080,49.89,29.5,51.36,28.58,0.9324,0.985,1.776,20.872,5.502,9.728,0.838,89,False
avc420_colorconv_only_bt709full,text_0000ff,43.89,23.51,44.61,22.58,0.8841,0.9697,2.494,27.676,7.625,19.136,0.845,178,False
avc420_colorconv_only_bt709full,text_00ff00,34.19,28.03,26.6,24.03,0.7125,0.983,1.615,18.966,4.937,15.029,1.491,138,False
avc420_colorconv_only_bt709full,text_800000,42.02,43.18,30.08,29.73,0.8526,0.9707,1.71,19.545,5.297,9.188,0.961,76,False
avc420_colorconv_only_bt709full,text_ff0000,35.97,37.05,24.08,23.73,0.7597,0.9573,2.675,26.469,8.178,18.109,0.97,151,False
avc420_colorconv_only_bt709full,text_ffffff,58.06,inf,inf,58.06,1.0,1.0,0.018,0.405,0.055,0.0,1.004,2,False
avc420_colorconv_only_current,chroma_checker,20.55,16.14,16.06,13.42,0.583,0.5401,11.274,67.301,3.213,22.495,0.896,148,False
avc420_colorconv_only_current,cleartype_text,24.39,30.17,31.03,22.81,0.4046,0.4186,4.716,23.867,8.306,12.018,0.853,103,False
avc420_colorconv_only_current,gradient,21.18,26.91,26.69,22.75,0.7287,0.911,4.201,11.838,3.425,7.716,0.869,52,False
avc420_colorconv_only_current,lines_1px,21.83,16.4,17.25,13.5,0.3142,0.6302,10.056,39.77,6.474,20.416,0.959,148,False
avc420_colorconv_only_current,solid_patches,20.53,25.94,25.61,21.96,0.6954,0.8977,4.323,11.844,4.222,14.321,0.884,52,False
avc420_colorconv_only_current,text_000080,23.95,29.05,46.37,22.87,0.1066,0.0961,4.217,21.228,7.33,10.384,0.852,92,False
avc420_colorconv_only_current,text_0000ff,23.8,23.06,41.24,20.37,0.1151,0.1446,4.752,27.379,8.902,20.322,0.857,169,False
avc420_colorconv_only_current,text_00ff00,23.07,25.82,24.83,21.26,0.1373,0.3818,4.973,23.229,9.578,20.034,1.109,109,False
avc420_colorconv_only_current,text_800000,23.83,41.26,29.06,23.0,0.1151,0.1862,4.19,20.679,7.246,10.648,1.111,81,False
avc420_colorconv_only_current,text_ff0000,23.47,37.44,23.17,20.8,0.1249,0.2559,4.879,26.587,9.29,20.388,1.081,146,False
avc420_colorconv_only_current,text_ffffff,24.26,inf,inf,24.26,0.415,0.415,2.745,3.89,2.767,0.0,0.861,19,False
avc420_ironrdp_openh264,chroma_checker,20.58,16.12,16.05,13.41,0.5832,0.5442,11.258,67.301,3.187,22.802,0.892,149,False
avc420_ironrdp_openh264,cleartype_text,24.19,29.87,30.7,22.61,0.4015,0.4163,5.14,23.972,9.01,12.972,0.851,108,False
avc420_ironrdp_openh264,gradient,21.2,26.92,26.59,22.75,0.7225,0.9093,4.167,11.852,3.403,7.88,0.869,53,False
avc420_ironrdp_openh264,lines_1px,21.79,16.39,17.23,13.49,0.3133,0.6298,10.283,39.897,6.738,20.98,0.96,158,False
avc420_ironrdp_openh264,solid_patches,20.52,25.94,25.6,21.95,0.6939,0.8975,4.354,11.844,4.292,14.495,0.884,53,False
avc420_ironrdp_openh264,text_000080,23.86,28.79,45.01,22.67,0.0995,0.0932,4.672,21.029,8.104,11.671,0.804,108,False
avc420_ironrdp_openh264,text_0000ff,23.73,22.98,40.59,20.22,0.1116,0.1421,5.265,27.183,9.782,21.741,0.845,177,False
avc420_ironrdp_openh264,text_00ff00,22.9,25.53,24.6,21.13,0.1355,0.3787,5.592,23.583,10.661,21.909,1.125,124,False
avc420_ironrdp_openh264,text_800000,23.77,40.03,28.8,22.84,0.1109,0.1835,4.716,20.672,8.276,12.099,1.11,80,False
avc420_ironrdp_openh264,text_ff0000,23.44,36.5,23.07,20.68,0.1227,0.2551,5.46,26.623,10.306,21.894,1.079,141,False
avc420_ironrdp_openh264,text_ffffff,24.04,inf,inf,24.04,0.4133,0.4133,2.824,4.86,2.985,0.0,0.86,72,False
avc420_noenc,chroma_checker,38.29,16.58,16.83,13.58,0.7602,0.9873,10.695,71.888,1.315,3.458,0.988,148,False
avc420_noenc,cleartype_text,47.77,30.47,31.44,27.75,0.9819,0.9993,2.23,24.309,6.268,10.876,0.964,106,False
avc420_noenc,gradient,48.81,48.7,47.86,43.08,0.9931,0.9988,0.494,1.475,0.422,0.675,0.994,7,False
avc420_noenc,lines_1px,33.66,16.31,18.08,14.02,0.6477,0.9572,8.629,42.793,4.774,12.718,0.996,148,False
avc420_noenc,solid_patches,50.53,49.85,51.15,44.77,0.9999,1.0,0.399,0.963,0.41,0.861,0.992,4,False
avc420_noenc,text_000080,49.62,29.56,51.59,28.56,0.9408,0.9871,1.76,20.626,5.455,9.619,0.81,91,False
avc420_noenc,text_0000ff,43.81,23.53,45.13,22.56,0.9022,0.9709,2.493,27.589,7.623,19.049,0.823,181,False
avc420_noenc,text_00ff00,34.32,28.13,26.63,24.26,0.7135,0.9837,1.614,18.982,4.933,14.857,1.461,136,False
avc420_noenc,text_800000,42.19,43.53,30.1,29.74,0.8656,0.9727,1.695,19.144,5.252,9.09,0.932,77,False
avc420_noenc,text_ff0000,36.1,37.15,24.08,23.72,0.7668,0.9589,2.675,26.403,8.179,18.035,0.95,154,False
avc420_noenc,text_ffffff,57.07,inf,inf,57.07,1.0,1.0,0.034,0.367,0.104,0.0,0.995,1,False
avc420_qp18,chroma_checker,38.28,16.58,16.83,13.58,0.7602,0.9869,10.693,71.888,1.311,3.455,0.989,149,False
avc420_qp18,cleartype_text,46.6,30.44,31.4,27.7,0.9795,0.9984,2.319,24.114,6.417,11.047,0.963,106,False
avc420_qp18,gradient,48.33,48.36,47.47,42.74,0.9911,0.998,0.502,1.511,0.406,0.648,0.995,8,False
avc420_qp18,lines_1px,33.61,16.32,18.07,14.03,0.6451,0.9555,8.657,42.876,4.809,12.729,0.997,151,False
avc420_qp18,solid_patches,50.36,49.78,51.03,44.67,0.9997,0.9999,0.422,1.157,0.482,0.936,0.993,4,False
avc420_qp18,text_000080,48.55,29.49,50.06,28.45,0.9338,0.9825,1.848,20.626,5.628,9.842,0.811,93,False
avc420_qp18,text_0000ff,43.5,23.51,44.67,22.52,0.8934,0.9669,2.587,27.589,7.787,19.262,0.823,184,False
avc420_qp18,text_00ff00,34.2,28.1,26.6,24.24,0.7105,0.9822,1.721,19.44,5.133,15.091,1.462,137,False
avc420_qp18,text_800000,41.94,43.18,30.05,29.66,0.8555,0.9693,1.801,19.299,5.458,9.324,0.931,77,False
avc420_qp18,text_ff0000,36.03,37.04,24.06,23.69,0.7606,0.9564,2.774,26.415,8.354,18.245,0.949,157,False
avc420_qp18,text_ffffff,52.21,inf,inf,52.21,0.9996,0.9996,0.051,0.7,0.152,0.0,0.994,8,False
avc420_qp22,chroma_checker,38.42,16.57,16.83,13.58,0.7599,0.9882,10.735,71.888,1.369,3.671,0.987,149,False
avc420_qp22,cleartype_text,41.42,30.39,31.34,27.53,0.9682,0.9899,2.443,23.988,6.618,11.246,0.964,104,False
avc420_qp22,gradient,48.06,48.44,47.44,42.77,0.9902,0.9973,0.513,1.509,0.467,0.705,0.995,9,False
avc420_qp22,lines_1px,33.57,16.31,18.07,14.03,0.6457,0.9531,8.744,42.876,4.93,13.008,0.993,151,False
avc420_qp22,solid_patches,50.26,49.71,50.97,44.63,0.9996,0.9999,0.433,1.416,0.508,0.949,0.992,5,False
avc420_qp22,text_000080,47.43,29.42,48.77,28.31,0.9264,0.9769,1.927,20.626,5.791,10.077,0.804,97,False
avc420_qp22,text_0000ff,43.1,23.49,43.93,22.48,0.8831,0.9622,2.653,27.589,7.908,19.437,0.823,187,False
avc420_qp22,text_00ff00,33.25,28.01,26.52,24.16,0.7045,0.9764,1.851,20.291,5.402,15.489,1.466,137,False
avc420_qp22,text_800000,41.61,42.72,29.98,29.55,0.846,0.9649,1.892,19.463,5.643,9.547,0.933,82,False
avc420_qp22,text_ff0000,35.89,36.88,24.03,23.64,0.7539,0.953,2.866,26.49,8.523,18.48,0.95,162,False
avc420_qp22,text_ffffff,38.65,inf,inf,38.65,0.9928,0.9928,0.11,1.08,0.328,0.0,0.997,65,False
avc420_qp26,chroma_checker,37.76,16.59,16.81,13.58,0.7592,0.983,10.784,71.888,1.442,3.87,0.985,150,False
avc420_qp26,cleartype_text,40.59,30.3,31.22,27.41,0.9579,0.9825,2.585,23.91,6.875,11.537,0.963,107,False
avc420_qp26,gradient,48.22,47.81,47.32,42.54,0.9887,0.9967,0.497,1.554,0.492,0.742,0.995,9,False
avc420_qp26,lines_1px,33.35,16.35,18.03,14.04,0.642,0.9487,8.783,42.959,4.99,13.024,0.994,154,False
avc420_qp26,solid_patches,50.07,49.75,50.61,44.45,0.9991,0.9998,0.448,1.387,0.494,0.959,0.992,9,False
avc420_qp26,text_000080,45.97,29.23,48.5,28.04,0.9187,0.9667,2.072,20.781,6.109,10.498,0.775,123,False
avc420_qp26,text_0000ff,42.06,23.43,42.73,22.37,0.8698,0.95,2.786,27.676,8.151,19.807,0.821,202,False
avc420_qp26,text_00ff00,33.14,27.96,26.48,24.11,0.692,0.9701,2.02,20.291,5.666,15.817,1.467,142,False
avc420_qp26,text_800000,40.82,41.46,29.88,29.31,0.8218,0.9527,2.068,19.631,5.996,9.931,0.935,98,False
avc420_qp26,text_ff0000,35.68,36.63,24.0,23.58,0.7411,0.9457,3.017,26.471,8.768,18.782,0.949,159,False
avc420_qp26,text_ffffff,38.89,inf,inf,38.89,0.9889,0.9889,0.147,1.592,0.418,0.0,0.995,65,False
avc420_qp30,chroma_checker,37.01,16.61,16.8,13.59,0.7609,0.9753,10.749,71.888,1.42,4.08,0.987,147,False
avc420_qp30,cleartype_text,39.06,30.07,30.96,27.11,0.9488,0.9775,2.77,23.827,7.263,12.031,0.962,105,False
avc420_qp30,gradient,47.75,47.91,46.87,42.35,0.9868,0.9968,0.523,1.894,0.776,1.063,0.993,14,False
avc420_qp30,lines_1px,33.68,16.28,18.11,14.0,0.6321,0.951,8.909,42.926,5.094,13.314,0.994,158,False
avc420_qp30,solid_patches,49.9,49.01,50.2,44.07,0.9977,0.9998,0.519,3.379,0.671,1.143,0.993,9,False
avc420_qp30,text_000080,44.99,29.0,48.66,27.75,0.909,0.9538,2.262,20.872,6.475,10.99,0.734,123,False
avc420_qp30,text_0000ff,40.63,23.33,42.07,22.18,0.8509,0.9213,3.021,27.676,8.583,20.442,0.804,202,False
avc420_qp30,text_00ff00,32.82,27.82,26.42,24.0,0.6712,0.9583,2.283,20.521,6.07,16.315,1.47,174,False
avc420_qp30,text_800000,39.33,40.05,29.62,28.82,0.7965,0.9245,2.342,20.194,6.577,10.627,0.925,123,False
avc420_qp30,text_ff0000,35.22,35.69,23.93,23.42,0.7163,0.9298,3.252,26.706,9.218,19.374,0.955,166,False
avc420_qp30,text_ffffff,37.31,inf,inf,37.31,0.9628,0.9628,0.24,2.362,0.608,0.0,0.992,66,False
avc420_qp34,chroma_checker,36.83,16.56,16.82,13.56,0.7262,0.9789,10.964,71.888,1.706,5.194,0.983,159,False
avc420_qp34,cleartype_text,36.57,29.53,30.37,26.41,0.9117,0.9441,3.138,24.458,7.901,12.891,0.958,115,False
avc420_qp34,gradient,46.1,45.85,45.52,41.11,0.9782,0.9953,0.898,3.134,1.611,2.067,0.994,17,False
avc420_qp34,lines_1px,33.06,16.28,18.1,14.0,0.6126,0.9301,9.158,42.9,5.452,14.087,0.984,169,False
avc420_qp34,solid_patches,49.48,46.83,48.28,42.58,0.9958,0.9995,0.62,4.338,0.887,1.547,0.995,15,False
avc420_qp34,text_000080,44.7,28.6,48.54,27.33,0.872,0.9463,2.57,21.38,6.981,11.614,0.68,124,False
avc420_qp34,text_0000ff,39.35,23.13,42.21,21.9,0.8283,0.8873,3.435,27.842,9.139,21.239,0.772,243,False
avc420_qp34,text_00ff00,32.12,27.56,26.19,23.73,0.6291,0.9343,2.829,21.031,6.797,17.322,1.479,176,False
avc420_qp34,text_800000,37.34,39.45,29.04,28.0,0.7656,0.8782,2.797,21.322,7.423,11.71,0.86,120,False
avc420_qp34,text_ff0000,34.03,34.5,23.75,23.06,0.6737,0.8889,3.765,27.185,9.992,20.422,0.951,195,False
avc420_qp34,text_ffffff,35.84,inf,inf,35.84,0.97,0.97,0.321,3.689,0.864,0.0,0.989,68,False
avc444v1_filter_noenc,chroma_checker,50.69,47.78,46.2,42.04,0.9999,0.9993,0.533,1.402,0.493,1.366,0.988,7,False
avc444v1_filter_noenc,cleartype_text,52.66,53.85,54.28,47.32,0.9997,0.9999,0.208,3.02,0.586,0.683,0.986,9,False
avc444v1_filter_noenc,gradient,48.91,50.29,48.63,43.7,0.9948,0.9989,0.45,1.468,0.4,0.6,0.995,8,False
avc444v1_filter_noenc,lines_1px,55.41,50.57,48.7,45.41,0.9999,0.9998,0.269,1.258,0.264,0.772,0.989,7,False
avc444v1_filter_noenc,solid_patches,50.53,49.85,51.15,44.77,0.9999,1.0,0.399,0.963,0.41,0.861,0.992,4,False
avc444v1_filter_noenc,text_000080,68.34,54.61,72.29,53.65,0.9997,0.9998,0.075,1.21,0.233,0.425,0.982,8,False
avc444v1_filter_noenc,text_0000ff,68.4,53.57,72.34,52.5,0.9998,0.9999,0.066,1.019,0.203,0.487,0.988,8,False
avc444v1_filter_noenc,text_00ff00,61.35,66.72,65.3,63.21,1.0,1.0,0.033,0.665,0.101,0.168,0.997,2,False
avc444v1_filter_noenc,text_800000,64.09,69.46,55.41,54.58,0.9997,0.9998,0.077,1.242,0.237,0.395,0.983,7,False
avc444v1_filter_noenc,text_ff0000,62.32,67.69,54.47,53.42,0.9999,0.9999,0.076,1.236,0.234,0.454,0.989,7,False
avc444v1_filter_noenc,text_ffffff,57.07,inf,inf,57.07,1.0,1.0,0.034,0.367,0.104,0.0,0.995,1,False
avc444v1_filter_qp18,chroma_checker,50.39,47.08,45.24,41.35,0.9997,0.9979,0.55,1.515,0.514,1.488,0.988,10,False
avc444v1_filter_qp18,cleartype_text,48.93,45.49,45.91,41.26,0.9888,0.9969,0.642,6.279,1.476,1.962,0.984,37,False
avc444v1_filter_qp18,gradient,48.25,47.94,46.48,42.18,0.9819,0.9975,0.5,2.302,0.458,0.72,0.996,15,False
avc444v1_filter_qp18,lines_1px,53.88,48.07,47.36,43.72,0.9873,0.9988,0.38,2.809,0.416,1.016,0.991,24,False
avc444v1_filter_qp18,solid_patches,50.4,49.53,50.59,44.48,0.9987,0.9999,0.435,1.363,0.525,0.969,0.993,11,False
avc444v1_filter_qp18,text_000080,52.43,45.7,50.16,43.0,0.943,0.9868,0.565,4.305,0.906,1.472,1.015,36,False
avc444v1_filter_qp18,text_0000ff,52.74,45.48,50.19,43.0,0.9596,0.9918,0.428,4.47,0.883,1.539,1.005,59,False
avc444v1_filter_qp18,text_00ff00,51.44,49.13,48.77,44.78,0.9398,0.9972,0.361,4.228,0.768,1.149,1.03,52,False
avc444v1_filter_qp18,text_800000,51.8,48.72,46.04,42.9,0.9298,0.9905,0.628,4.587,1.025,1.483,1.026,44,False
avc444v1_filter_qp18,text_ff0000,52.45,49.53,46.45,43.69,0.9585,0.9959,0.427,4.305,0.964,1.5,1.009,51,False
avc444v1_filter_qp18,text_ffffff,51.23,55.64,53.96,47.41,0.9681,0.9954,0.312,1.915,0.258,0.108,0.993,8,False
avc444v1_filter_qp22,chroma_checker,50.13,44.48,43.85,39.77,0.9991,0.9968,0.596,2.015,0.585,1.82,0.986,18,False
avc444v1_filter_qp22,cleartype_text,41.71,42.06,42.16,36.93,0.9672,0.9846,1.032,9.348,2.271,3.029,0.985,48,False
avc444v1_filter_qp22,gradient,47.89,46.92,45.58,41.54,0.9772,0.9966,0.539,2.541,0.604,0.86,0.995,23,False
avc444v1_filter_qp22,lines_1px,51.33,45.25,44.88,40.99,0.9742,0.9973,0.574,4.056,0.651,1.475,0.988,31,False
avc444v1_filter_qp22,solid_patches,50.28,49.1,50.48,44.29,0.9975,0.9999,0.462,2.398,0.54,0.981,0.993,16,False
avc444v1_filter_qp22,text_000080,50.24,41.98,48.66,39.8,0.915,0.9765,0.81,6.473,1.355,2.231,1.014,46,False
avc444v1_filter_qp22,text_0000ff,48.86,42.28,46.69,39.77,0.9219,0.9809,0.618,6.409,1.338,2.389,1.014,63,False
avc444v1_filter_qp22,text_00ff00,40.74,44.95,44.94,38.3,0.8504,0.9863,0.642,7.272,1.339,1.962,1.069,80,False
avc444v1_filter_qp22,text_800000,48.0,45.0,42.67,39.48,0.8785,0.98,0.908,7.126,1.65,2.405,1.054,45,False
avc444v1_filter_qp22,text_ff0000,47.27,44.81,42.99,39.48,0.8966,0.9868,0.719,6.845,1.549,2.389,1.027,65,False
avc444v1_filter_qp22,text_ffffff,38.6,54.64,53.1,38.23,0.9597,0.9883,0.432,2.518,0.563,0.243,0.996,65,False
avc444v1_filter_qp26,chroma_checker,48.02,42.11,41.7,37.72,0.9954,0.9958,0.713,2.771,0.733,2.44,0.982,19,False
avc444v1_filter_qp26,cleartype_text,40.45,38.36,38.47,33.98,0.9463,0.9723,1.542,14.185,3.441,4.725,0.981,94,False
avc444v1_filter_qp26,gradient,47.75,44.49,44.56,40.25,0.9637,0.9955,0.596,2.979,0.931,1.326,0.996,29,False
avc444v1_filter_qp26,lines_1px,47.67,42.51,41.12,37.79,0.9478,0.9933,0.803,6.156,0.931,2.068,0.99,43,False
avc444v1_filter_qp26,solid_patches,50.27,48.53,48.55,43.47,0.9926,0.9995,0.493,4.17,0.667,1.186,0.994,28,False
avc444v1_filter_qp26,text_000080,48.09,38.3,48.78,36.64,0.8956,0.9613,1.129,10.452,2.126,3.324,0.984,87,False
avc444v1_filter_qp26,text_0000ff,44.93,38.04,43.04,35.44,0.7683,0.922,1.493,10.09,1.992,3.664,1.02,110,False
avc444v1_filter_qp26,text_00ff00,39.75,40.86,41.06,35.62,0.7614,0.9743,1.042,11.475,2.133,3.236,1.098,78,False
avc444v1_filter_qp26,text_800000,44.15,41.77,38.8,35.97,0.8104,0.9553,1.346,10.452,2.665,3.931,1.09,79,False
avc444v1_filter_qp26,text_ff0000,43.98,41.03,39.28,35.83,0.826,0.9687,1.158,10.845,2.45,3.81,1.047,98,False
avc444v1_filter_qp26,text_ffffff,38.86,53.05,52.12,38.4,0.9544,0.9847,0.559,3.104,0.83,0.454,0.993,65,False
avc444v1_filter_qp30,chroma_checker,45.22,37.66,39.14,34.44,0.9854,0.9894,0.884,3.957,0.902,3.243,0.98,48,False
avc444v1_filter_qp30,cleartype_text,38.14,34.33,34.55,30.22,0.7775,0.9033,2.907,19.297,5.135,7.345,0.976,124,False
avc444v1_filter_qp30,gradient,47.24,44.58,42.91,39.59,0.9501,0.9952,0.692,4.378,1.823,2.469,0.998,33,False
avc444v1_filter_qp30,lines_1px,45.9,38.31,40.62,35.27,0.9085,0.9816,1.135,10.053,1.352,2.81,0.99,72,False
avc444v1_filter_qp30,solid_patches,48.81,45.59,46.19,41.23,0.9729,0.9988,0.689,4.17,0.841,1.547,0.995,46,False
avc444v1_filter_qp30,text_000080,46.01,34.75,48.33,33.31,0.8729,0.9382,1.573,15.314,3.2,4.945,0.946,123,False
avc444v1_filter_qp30,text_0000ff,43.09,34.44,43.15,32.56,0.7386,0.8926,1.976,15.732,3.013,5.337,1.003,152,False
avc444v1_filter_qp30,text_00ff00,37.61,36.47,36.83,31.97,0.6751,0.9475,1.717,17.795,3.408,5.38,1.151,180,False
avc444v1_filter_qp30,text_800000,40.48,39.77,34.85,32.71,0.7438,0.9054,1.986,15.096,4.112,6.038,1.101,124,False
avc444v1_filter_qp30,text_ff0000,39.76,36.18,35.02,31.25,0.6032,0.8814,2.453,16.891,3.914,6.262,1.083,129,False
avc444v1_filter_qp30,text_ffffff,37.39,50.89,50.08,36.91,0.9307,0.9639,0.839,4.015,1.311,0.838,0.99,66,False
avc444v1_filter_qp34,chroma_checker,40.28,35.72,35.67,31.91,0.9535,0.9793,1.138,5.407,1.201,4.574,0.974,51,False
avc444v1_filter_qp34,cleartype_text,35.55,31.28,31.49,27.36,0.7277,0.8559,3.967,24.754,7.313,10.731,0.964,155,False
avc444v1_filter_qp34,gradient,45.47,40.9,40.43,36.87,0.9036,0.9913,1.245,7.606,2.913,4.093,1.0,47,False
avc444v1_filter_qp34,lines_1px,41.96,34.7,37.06,31.67,0.8471,0.9597,1.831,16.821,2.214,4.556,0.982,144,False
avc444v1_filter_qp34,solid_patches,47.58,40.25,42.53,37.16,0.9074,0.9975,1.148,6.939,1.742,3.194,0.995,52,False
avc444v1_filter_qp34,text_000080,44.51,30.96,46.72,29.61,0.8074,0.9167,2.308,20.765,4.733,7.562,0.9,171,False
avc444v1_filter_qp34,text_0000ff,40.61,30.59,42.0,28.98,0.6881,0.8413,2.722,21.112,4.523,7.928,0.966,239,False
avc444v1_filter_qp34,text_00ff00,34.74,32.25,32.78,28.1,0.5626,0.8969,2.864,23.308,5.155,8.572,1.234,198,False
avc444v1_filter_qp34,text_800000,36.83,38.04,30.86,29.19,0.654,0.8295,2.993,21.037,6.282,9.231,1.043,171,False
avc444v1_filter_qp34,text_ff0000,36.04,33.87,31.11,28.19,0.5244,0.8184,3.44,21.609,5.872,9.663,1.106,193,False
avc444v1_filter_qp34,text_ffffff,35.92,50.49,49.7,35.54,0.9348,0.9686,0.942,4.767,1.617,0.975,0.987,68,False
avc444v1_filter_t30_noenc,chroma_checker,50.69,47.78,46.2,42.04,0.9999,0.9993,0.533,1.402,0.493,1.366,0.988,7,False
avc444v1_filter_t30_noenc,cleartype_text,50.7,38.21,39.47,35.41,0.9965,0.9998,0.609,13.68,1.712,2.635,0.981,64,False
avc444v1_filter_t30_noenc,gradient,49.06,51.46,49.67,44.55,0.997,0.9992,0.418,1.017,0.373,0.541,0.994,6,False
avc444v1_filter_t30_noenc,lines_1px,54.87,47.54,48.33,43.96,0.9876,0.9997,0.291,1.94,0.305,0.885,0.991,25,False
avc444v1_filter_t30_noenc,solid_patches,50.53,49.85,51.15,44.77,0.9999,1.0,0.399,0.963,0.41,0.861,0.992,4,False
avc444v1_filter_t30_noenc,text_000080,57.47,37.37,59.1,36.37,0.9908,0.9982,0.375,11.357,1.161,2.068,0.946,63,False
avc444v1_filter_t30_noenc,text_0000ff,58.28,40.48,56.31,39.4,0.9941,0.9991,0.21,6.329,0.643,1.371,0.986,64,False
avc444v1_filter_t30_noenc,text_00ff00,48.78,43.23,43.26,40.2,0.9351,0.9993,0.143,4.588,0.436,1.042,1.032,55,False
avc444v1_filter_t30_noenc,text_800000,50.28,50.23,37.86,37.47,0.9745,0.9963,0.373,11.132,1.155,2.011,0.981,54,False
avc444v1_filter_t30_noenc,text_ff0000,52.68,45.41,41.0,39.32,0.9574,0.9991,0.251,6.834,0.768,1.605,1.009,55,False
avc444v1_filter_t30_noenc,text_ffffff,57.07,inf,inf,57.07,1.0,1.0,0.034,0.367,0.104,0.0,0.995,1,False
avc444v1_filter_t30_qp18,chroma_checker,50.36,47.36,45.38,41.43,0.9998,0.9983,0.547,1.515,0.509,1.437,0.988,8,False
avc444v1_filter_t30_qp18,cleartype_text,48.7,37.96,39.11,35.05,0.9928,0.9988,0.843,13.875,2.213,3.335,0.979,74,False
avc444v1_filter_t30_qp18,gradient,48.58,50.66,49.25,44.13,0.9941,0.9982,0.429,1.213,0.382,0.547,0.995,6,False
avc444v1_filter_t30_qp18,lines_1px,54.09,46.67,47.57,43.22,0.9833,0.999,0.348,1.94,0.389,0.976,0.993,63,False
avc444v1_filter_t30_qp18,solid_patches,50.43,49.81,51.09,44.73,0.9998,0.9999,0.412,1.106,0.451,0.902,0.992,5,False
avc444v1_filter_t30_qp18,text_000080,54.09,37.28,54.01,36.16,0.9789,0.9941,0.524,11.535,1.513,2.619,0.969,72,False
avc444v1_filter_t30_qp18,text_0000ff,54.45,39.85,53.02,38.65,0.9801,0.9961,0.387,6.535,1.042,1.997,0.992,77,False
avc444v1_filter_t30_qp18,text_00ff00,47.78,42.82,42.68,39.55,0.9081,0.9984,0.321,4.84,0.838,1.649,1.049,93,False
avc444v1_filter_t30_qp18,text_800000,49.2,48.97,37.83,37.28,0.9566,0.9938,0.551,11.304,1.568,2.549,1.001,64,False
avc444v1_filter_t30_qp18,text_ff0000,50.56,44.8,40.27,38.54,0.9381,0.9974,0.452,7.649,1.224,2.245,1.015,69,False
avc444v1_filter_t30_qp18,text_ffffff,52.15,71.31,69.11,51.98,0.9996,0.9996,0.063,1.004,0.183,0.035,0.994,8,False
avc444v1_filter_t30_qp22,chroma_checker,50.85,45.76,45.4,41.02,0.9996,0.998,0.543,1.813,0.51,1.526,0.987,13,False
avc444v1_filter_t30_qp22,cleartype_text,41.91,37.73,38.81,34.2,0.9812,0.9899,1.068,13.827,2.691,3.931,0.981,80,False
avc444v1_filter_t30_qp22,gradient,48.27,50.91,49.18,44.19,0.9931,0.9975,0.437,1.316,0.473,0.623,0.995,15,False
avc444v1_filter_t30_qp22,lines_1px,50.31,42.47,43.16,38.84,0.9755,0.9974,0.537,3.147,0.656,1.464,0.991,63,False
avc444v1_filter_t30_qp22,solid_patches,50.32,49.76,50.91,44.65,0.9995,0.9999,0.428,1.416,0.478,0.924,0.992,5,False
avc444v1_filter_t30_qp22,text_000080,51.83,36.81,51.52,35.61,0.9643,0.9884,0.641,11.819,1.79,3.139,0.971,86,False
avc444v1_filter_t30_qp22,text_0000ff,51.32,38.59,49.81,37.26,0.9576,0.9909,0.527,7.349,1.377,2.679,0.998,94,False
avc444v1_filter_t30_qp22,text_00ff00,40.43,41.65,41.7,36.74,0.8524,0.9906,0.517,6.495,1.264,2.282,1.081,87,False
avc444v1_filter_t30_qp22,text_800000,47.5,46.87,37.34,36.52,0.9294,0.9888,0.714,11.736,1.978,3.153,1.019,74,False
avc444v1_filter_t30_qp22,text_ff0000,47.24,43.91,39.41,37.46,0.9126,0.9929,0.615,8.12,1.609,2.829,1.026,80,False
avc444v1_filter_t30_qp22,text_ffffff,38.65,66.7,65.24,38.64,0.9929,0.9928,0.14,1.687,0.41,0.092,0.997,65,False
avc444v1_filter_t30_qp26,chroma_checker,48.72,44.42,43.72,39.55,0.9977,0.9973,0.636,1.968,0.627,1.918,0.985,14,False
avc444v1_filter_t30_qp26,cleartype_text,40.92,36.65,37.33,33.0,0.9674,0.982,1.403,15.275,3.477,5.073,0.978,91,False
avc444v1_filter_t30_qp26,gradient,48.26,49.18,47.77,43.16,0.9881,0.9967,0.472,1.753,0.66,0.907,0.996,29,False
avc444v1_filter_t30_qp26,lines_1px,49.46,43.0,41.58,38.49,0.9627,0.9968,0.626,3.617,0.735,1.732,0.99,70,False
avc444v1_filter_t30_qp26,solid_patches,50.29,49.34,50.78,44.39,0.9983,0.9997,0.436,1.741,0.526,1.006,0.993,10,False
avc444v1_filter_t30_qp26,text_000080,49.49,36.09,51.18,34.78,0.9492,0.9781,0.847,12.179,2.289,3.853,0.948,108,False
avc444v1_filter_t30_qp26,text_0000ff,47.49,36.71,46.14,35.2,0.912,0.969,0.886,9.09,1.873,3.786,1.007,134,False
avc444v1_filter_t30_qp26,text_00ff00,39.8,40.14,39.99,35.43,0.7974,0.9845,0.779,8.528,1.849,3.269,1.102,95,False
avc444v1_filter_t30_qp26,text_800000,45.0,43.27,36.52,35.17,0.8767,0.9752,1.013,12.547,2.679,4.239,1.051,86,False
avc444v1_filter_t30_qp26,text_ff0000,44.85,42.25,37.6,35.62,0.8676,0.9836,0.909,9.575,2.236,3.863,1.037,116,False
avc444v1_filter_t30_qp26,text_ffffff,38.92,62.96,62.34,38.93,0.99,0.9895,0.205,2.15,0.563,0.18,0.994,65,False
avc444v1_filter_t30_qp30,chroma_checker,46.78,40.88,41.72,37.29,0.9889,0.9942,0.733,2.771,0.699,2.33,0.985,25,False
avc444v1_filter_t30_qp30,cleartype_text,39.04,34.71,35.26,31.04,0.9494,0.967,2.025,18.034,4.707,6.962,0.975,124,False
avc444v1_filter_t30_qp30,gradient,47.73,47.91,46.52,42.31,0.9813,0.9967,0.542,3.201,1.264,1.711,0.997,33,False
avc444v1_filter_t30_qp30,lines_1px,47.6,38.67,39.66,35.4,0.9329,0.9884,0.903,7.719,1.12,2.59,0.989,75,False
avc444v1_filter_t30_qp30,solid_patches,49.1,48.7,47.14,42.82,0.9892,0.9992,0.567,2.398,0.687,1.282,0.993,21,False
avc444v1_filter_t30_qp30,text_000080,47.72,34.41,50.78,33.08,0.9295,0.9638,1.186,13.872,3.096,5.074,0.909,123,False
avc444v1_filter_t30_qp30,text_0000ff,44.82,34.55,45.31,33.04,0.8717,0.9442,1.267,11.741,2.694,5.201,0.994,165,False
avc444v1_filter_t30_qp30,text_00ff00,38.19,36.77,37.01,32.57,0.722,0.9691,1.255,12.076,2.834,5.043,1.147,180,False
avc444v1_filter_t30_qp30,text_800000,41.62,40.58,34.59,32.9,0.813,0.9396,1.54,14.922,3.883,5.971,1.071,123,False
avc444v1_filter_t30_qp30,text_ff0000,41.49,38.44,35.18,32.72,0.7965,0.9535,1.481,12.974,3.357,5.803,1.065,129,False
avc444v1_filter_t30_qp30,text_ffffff,37.41,58.79,57.74,37.45,0.9722,0.9675,0.379,2.728,0.87,0.36,0.991,66,False
avc444v1_filter_t30_qp34,chroma_checker,41.28,38.35,38.12,34.24,0.9632,0.9855,0.95,3.626,0.963,3.464,0.98,33,False
avc444v1_filter_t30_qp34,cleartype_text,36.19,31.98,32.4,28.3,0.9063,0.926,2.884,22.984,6.548,9.847,0.965,155,False
avc444v1_filter_t30_qp34,gradient,46.2,45.15,43.57,40.06,0.9615,0.9946,0.931,4.964,2.085,2.864,0.999,30,False
avc444v1_filter_t30_qp34,lines_1px,44.03,36.89,38.82,33.81,0.9047,0.9762,1.272,10.643,1.683,3.583,0.983,144,False
avc444v1_filter_t30_qp34,solid_patches,48.31,47.12,45.33,41.35,0.9753,0.9985,0.793,4.388,1.174,2.012,0.995,19,False
avc444v1_filter_t30_qp34,text_000080,45.97,31.57,48.6,30.27,0.88,0.9461,1.779,17.991,4.388,7.19,0.876,171,False
avc444v1_filter_t30_qp34,text_0000ff,42.1,30.89,44.7,29.49,0.8259,0.9041,1.944,18.717,4.103,7.583,0.96,243,False
avc444v1_filter_t30_qp34,text_00ff00,35.36,32.74,33.15,28.78,0.6257,0.9306,2.198,21.823,4.497,8.018,1.227,198,False
avc444v1_filter_t30_qp34,text_800000,37.82,38.82,31.42,29.83,0.7438,0.8786,2.356,19.451,5.778,8.721,1.023,171,False
avc444v1_filter_t30_qp34,text_ff0000,37.07,35.06,31.38,29.04,0.707,0.8974,2.392,20.725,5.31,9.196,1.099,190,False
avc444v1_filter_t30_qp34,text_ffffff,35.93,58.22,57.1,35.97,0.9765,0.9733,0.46,3.91,1.134,0.421,0.988,68,False
avc444v1_nofilter_noenc,chroma_checker,50.19,22.8,22.49,19.47,0.9369,0.999,2.7,42.793,0.668,1.887,0.99,143,False
avc444v1_nofilter_noenc,cleartype_text,50.7,36.23,37.81,33.64,0.9952,0.9998,0.671,15.082,1.887,3.048,0.979,98,False
avc444v1_nofilter_noenc,gradient,49.06,51.46,49.67,44.55,0.997,0.9992,0.418,1.017,0.373,0.541,0.994,6,False
avc444v1_nofilter_noenc,lines_1px,42.69,22.75,23.5,20.02,0.8561,0.9952,2.88,42.793,1.48,3.74,0.993,143,False
avc444v1_nofilter_noenc,solid_patches,50.53,49.85,51.15,44.77,0.9999,1.0,0.399,0.963,0.41,0.861,0.992,4,False
avc444v1_nofilter_noenc,text_000080,55.93,35.53,57.63,34.55,0.9865,0.9974,0.468,14.673,1.451,2.621,0.929,90,False
avc444v1_nofilter_noenc,text_0000ff,50.16,29.52,51.17,28.56,0.9777,0.9941,0.644,20.356,1.969,5.029,0.936,177,False
avc444v1_nofilter_noenc,text_00ff00,40.68,33.88,32.38,30.01,0.7959,0.9965,0.419,12.943,1.28,3.984,1.14,133,False
avc444v1_nofilter_noenc,text_800000,48.54,49.46,36.02,35.72,0.967,0.9946,0.457,13.952,1.417,2.494,0.97,76,False
avc444v1_nofilter_noenc,text_ff0000,42.48,43.09,30.02,29.71,0.913,0.9915,0.702,21.585,2.146,4.792,0.979,151,False
avc444v1_nofilter_noenc,text_ffffff,57.07,inf,inf,57.07,1.0,1.0,0.034,0.367,0.104,0.0,0.995,1,False
avc444v1_nofilter_qp18,chroma_checker,49.79,22.8,22.49,19.47,0.9369,0.9979,2.717,42.793,0.684,1.957,0.99,143,False
avc444v1_nofilter_qp18,cleartype_text,48.7,36.11,37.62,33.45,0.9917,0.9988,0.9,15.159,2.375,3.729,0.977,97,False
avc444v1_nofilter_qp18,gradient,48.58,50.66,49.25,44.13,0.9941,0.9982,0.429,1.213,0.382,0.547,0.995,6,False
avc444v1_nofilter_qp18,lines_1px,42.56,22.75,23.49,20.02,0.8528,0.9945,2.933,42.876,1.544,3.798,0.994,147,False
avc444v1_nofilter_qp18,solid_patches,50.43,49.81,51.09,44.73,0.9998,0.9999,0.412,1.106,0.451,0.902,0.992,5,False
avc444v1_nofilter_qp18,text_000080,53.25,35.38,53.38,34.31,0.9745,0.9933,0.619,14.807,1.808,3.207,0.944,91,False
avc444v1_nofilter_qp18,text_0000ff,49.29,29.48,49.76,28.5,0.9638,0.9909,0.809,20.356,2.331,5.58,0.942,180,False
avc444v1_nofilter_qp18,text_00ff00,40.44,33.84,32.35,29.97,0.7853,0.9954,0.584,12.943,1.643,4.484,1.15,133,False
avc444v1_nofilter_qp18,text_800000,47.81,48.26,35.9,35.48,0.9488,0.9921,0.641,14.05,1.846,3.07,0.985,77,False
avc444v1_nofilter_qp18,text_ff0000,42.28,42.74,29.98,29.64,0.8942,0.9896,0.888,21.692,2.555,5.359,0.985,153,False
avc444v1_nofilter_qp18,text_ffffff,52.15,71.31,69.11,51.98,0.9996,0.9996,0.063,1.004,0.183,0.035,0.994,8,False
avc444v1_nofilter_qp22,chroma_checker,50.65,22.8,22.49,19.46,0.9361,0.9978,2.707,42.71,0.686,2.048,0.989,144,False
avc444v1_nofilter_qp22,cleartype_text,41.91,35.92,37.35,32.8,0.9799,0.9899,1.129,15.362,2.86,4.343,0.978,103,False
avc444v1_nofilter_qp22,gradient,48.27,50.91,49.18,44.19,0.9931,0.9975,0.437,1.316,0.473,0.623,0.995,15,False
avc444v1_nofilter_qp22,lines_1px,42.32,22.75,23.5,20.03,0.8526,0.9941,3.039,42.876,1.668,4.065,0.991,146,False
avc444v1_nofilter_qp22,solid_patches,50.32,49.76,50.91,44.65,0.9995,0.9999,0.428,1.416,0.478,0.924,0.992,5,False
avc444v1_nofilter_qp22,text_000080,51.18,35.15,51.03,33.99,0.9604,0.9876,0.737,14.885,2.087,3.703,0.945,95,False
avc444v1_nofilter_qp22,text_0000ff,48.0,29.42,47.85,28.4,0.9423,0.9856,0.926,20.39,2.598,6.1,0.947,181,False
avc444v1_nofilter_qp22,text_00ff00,37.83,33.75,32.27,29.62,0.7648,0.9876,0.762,13.319,2.013,4.949,1.173,136,False
avc444v1_nofilter_qp22,text_800000,46.66,46.38,35.69,35.08,0.9224,0.9874,0.797,14.436,2.232,3.637,1.0,78,False
avc444v1_nofilter_qp22,text_ff0000,41.65,42.2,29.93,29.52,0.8713,0.985,1.032,22.112,2.885,5.855,0.994,152,False
avc444v1_nofilter_qp22,text_ffffff,38.65,66.7,65.24,38.64,0.9929,0.9928,0.14,1.687,0.41,0.092,0.997,65,False
avc444v1_nofilter_qp26,chroma_checker,47.45,22.79,22.48,19.46,0.9359,0.9967,2.803,42.793,0.804,2.441,0.986,145,False
avc444v1_nofilter_qp26,cleartype_text,40.95,35.4,36.58,32.14,0.9666,0.982,1.442,16.104,3.587,5.369,0.976,101,False
avc444v1_nofilter_qp26,gradient,48.26,49.18,47.77,43.16,0.9881,0.9967,0.472,1.753,0.66,0.907,0.996,29,False
avc444v1_nofilter_qp26,lines_1px,41.95,22.74,23.48,20.01,0.8425,0.9922,3.135,42.959,1.803,4.356,0.991,151,False
avc444v1_nofilter_qp26,solid_patches,50.29,49.34,50.78,44.39,0.9983,0.9997,0.436,1.741,0.526,1.006,0.993,10,False
avc444v1_nofilter_qp26,text_000080,49.08,34.65,50.77,33.38,0.9462,0.9778,0.945,15.41,2.593,4.416,0.917,108,False
avc444v1_nofilter_qp26,text_0000ff,45.64,29.26,44.99,28.14,0.8999,0.9637,1.256,20.857,3.006,6.996,0.955,200,False
avc444v1_nofilter_qp26,text_00ff00,37.57,33.55,32.12,29.42,0.7392,0.9815,0.99,13.571,2.495,5.733,1.184,137,False
avc444v1_nofilter_qp26,text_800000,44.72,43.0,35.21,34.14,0.872,0.9748,1.088,14.922,2.91,4.676,1.025,86,False
avc444v1_nofilter_qp26,text_ff0000,40.97,40.98,29.8,29.27,0.8326,0.9759,1.293,22.233,3.409,6.709,1.003,158,False
avc444v1_nofilter_qp26,text_ffffff,38.92,62.96,62.34,38.93,0.99,0.9895,0.205,2.15,0.563,0.18,0.994,65,False
avc444v1_nofilter_qp30,chroma_checker,44.65,22.69,22.48,19.42,0.9345,0.9927,2.884,43.16,0.872,2.837,0.987,146,False
avc444v1_nofilter_qp30,cleartype_text,39.17,34.26,35.24,30.87,0.9498,0.9675,2.016,17.957,4.684,6.999,0.971,101,False
avc444v1_nofilter_qp30,gradient,47.73,47.92,46.52,42.31,0.9813,0.9967,0.542,3.201,1.264,1.711,0.997,33,False
avc444v1_nofilter_qp30,lines_1px,41.9,22.69,23.47,19.95,0.815,0.9851,3.374,42.876,2.079,5.031,0.989,152,False
avc444v1_nofilter_qp30,solid_patches,49.1,48.7,47.14,42.82,0.9892,0.9992,0.567,2.398,0.687,1.282,0.993,21,False
avc444v1_nofilter_qp30,text_000080,47.66,33.68,50.67,32.36,0.9285,0.9652,1.257,15.972,3.318,5.48,0.868,123,False
avc444v1_nofilter_qp30,text_0000ff,43.57,28.94,44.23,27.71,0.8642,0.939,1.596,20.96,3.707,8.129,0.939,198,False
avc444v1_nofilter_qp30,text_00ff00,36.77,33.14,31.83,29.03,0.6988,0.9679,1.378,14.828,3.232,6.961,1.202,156,False
avc444v1_nofilter_qp30,text_800000,41.9,40.43,34.03,32.51,0.8151,0.9432,1.58,16.176,4.026,6.261,1.033,123,False
avc444v1_nofilter_qp30,text_ff0000,39.56,38.28,29.51,28.65,0.7766,0.9485,1.792,22.688,4.319,8.266,1.025,166,False
avc444v1_nofilter_qp30,text_ffffff,37.41,58.79,57.74,37.45,0.9722,0.9675,0.379,2.728,0.87,0.36,0.991,66,False
avc444v1_nofilter_qp34,chroma_checker,41.17,22.74,22.4,19.38,0.9012,0.9851,3.084,42.793,1.135,3.967,0.982,146,False
avc444v1_nofilter_qp34,cleartype_text,36.45,32.17,33.02,28.67,0.9092,0.9281,2.784,21.468,6.29,9.468,0.964,115,False
avc444v1_nofilter_qp34,gradient,46.2,45.15,43.57,40.06,0.9615,0.9946,0.931,4.964,2.085,2.864,0.999,30,False
avc444v1_nofilter_qp34,lines_1px,40.66,22.55,23.55,19.9,0.8006,0.9735,3.726,42.893,2.62,6.009,0.981,157,False
avc444v1_nofilter_qp34,solid_patches,48.31,47.12,45.33,41.35,0.9753,0.9985,0.793,4.388,1.174,2.012,0.995,19,False
avc444v1_nofilter_qp34,text_000080,46.88,32.08,48.9,30.75,0.887,0.955,1.771,17.14,4.399,7.115,0.803,124,False
avc444v1_nofilter_qp34,text_0000ff,41.79,28.32,44.21,27.0,0.8303,0.9063,2.122,21.643,4.734,9.671,0.902,243,False
avc444v1_nofilter_qp34,text_00ff00,35.21,32.21,31.02,28.05,0.6286,0.9365,2.102,16.697,4.356,8.807,1.236,176,False
avc444v1_nofilter_qp34,text_800000,38.77,38.91,31.82,30.2,0.7585,0.8941,2.306,18.623,5.664,8.566,0.958,119,False
avc444v1_nofilter_qp34,text_ff0000,37.07,35.23,28.78,27.37,0.7098,0.9043,2.523,23.36,5.812,10.804,1.047,190,False
avc444v1_nofilter_qp34,text_ffffff,35.93,58.22,57.1,35.97,0.9765,0.9733,0.46,3.91,1.134,0.421,0.988,68,False
avc444v1_pointsample_qp18,chroma_checker,51.34,48.0,46.52,42.43,0.9999,0.9989,0.506,0.937,0.505,1.427,0.988,7,False
avc444v1_pointsample_qp18,cleartype_text,49.95,51.11,51.42,45.41,0.9964,0.999,0.386,2.965,0.929,1.176,0.986,19,False
avc444v1_pointsample_qp18,gradient,48.63,51.03,49.83,44.44,0.9949,0.9983,0.418,1.141,0.378,0.528,0.995,6,False
avc444v1_pointsample_qp18,lines_1px,56.09,50.93,50.12,46.35,0.9983,0.9997,0.285,1.181,0.307,0.797,0.991,10,False
avc444v1_pointsample_qp18,solid_patches,50.43,49.81,51.09,44.73,0.9998,0.9999,0.412,1.106,0.451,0.902,0.992,5,False
avc444v1_pointsample_qp18,text_000080,57.67,51.01,56.3,48.62,0.9891,0.9967,0.204,2.061,0.524,0.899,1.006,30,False
avc444v1_pointsample_qp18,text_0000ff,57.47,50.01,56.6,47.82,0.9893,0.9977,0.217,2.061,0.526,0.951,0.999,59,False
avc444v1_pointsample_qp18,text_00ff00,54.0,55.31,54.12,50.52,0.9811,0.9993,0.2,2.004,0.474,0.706,1.014,36,False
avc444v1_pointsample_qp18,text_800000,56.48,55.44,51.92,49.03,0.987,0.9983,0.24,2.081,0.608,0.879,1.01,26,False
avc444v1_pointsample_qp18,text_ff0000,56.0,55.0,51.14,48.37,0.9853,0.9988,0.244,2.061,0.595,0.939,1.002,40,False
avc444v1_pointsample_qp18,text_ffffff,52.15,71.31,69.11,51.98,0.9996,0.9996,0.063,1.004,0.183,0.035,0.994,8,False
avc444v1_pointsample_qp22,chroma_checker,52.15,46.25,47.25,42.26,0.9997,0.9989,0.494,1.258,0.507,1.516,0.987,12,False
avc444v1_pointsample_qp22,cleartype_text,42.14,47.26,47.35,39.91,0.9846,0.9901,0.633,4.942,1.463,1.859,0.987,48,False
avc444v1_pointsample_qp22,gradient,48.28,51.17,49.81,44.46,0.9938,0.9976,0.423,1.312,0.466,0.607,0.995,15,False
avc444v1_pointsample_qp22,lines_1px,54.04,48.64,47.66,44.01,0.9944,0.9993,0.394,1.413,0.435,1.078,0.988,16,False
avc444v1_pointsample_qp22,solid_patches,50.32,49.76,50.91,44.65,0.9995,0.9999,0.428,1.416,0.478,0.924,0.992,5,False
avc444v1_pointsample_qp22,text_000080,53.87,46.94,53.03,44.78,0.9744,0.9911,0.333,3.146,0.839,1.467,1.01,33,False
avc444v1_pointsample_qp22,text_0000ff,52.77,47.0,51.43,44.32,0.9676,0.9929,0.342,2.964,0.81,1.511,1.007,63,False
avc444v1_pointsample_qp22,text_00ff00,41.17,50.75,49.88,40.49,0.9212,0.9918,0.385,3.383,0.861,1.201,1.045,62,False
avc444v1_pointsample_qp22,text_800000,51.78,50.07,48.11,44.66,0.9597,0.9941,0.398,3.366,1.002,1.465,1.03,34,False
avc444v1_pointsample_qp22,text_ff0000,49.51,50.69,47.72,44.05,0.9571,0.9948,0.396,3.28,0.952,1.481,1.014,63,False
avc444v1_pointsample_qp22,text_ffffff,38.65,66.7,65.24,38.64,0.9929,0.9928,0.14,1.687,0.41,0.092,0.997,65,False
avc444v1_pointsample_qp26,chroma_checker,49.78,44.92,44.87,40.61,0.9978,0.9984,0.586,1.683,0.61,1.916,0.985,12,False
avc444v1_pointsample_qp26,cleartype_text,41.14,43.02,43.1,37.4,0.9703,0.9822,0.984,7.995,2.275,3.006,0.984,54,False
avc444v1_pointsample_qp26,gradient,48.27,49.35,48.3,43.43,0.9893,0.9967,0.46,1.733,0.651,0.882,0.996,31,False
avc444v1_pointsample_qp26,lines_1px,51.14,47.43,45.39,42.25,0.9842,0.9979,0.485,2.478,0.571,1.377,0.989,27,False
avc444v1_pointsample_qp26,solid_patches,50.29,49.34,50.78,44.39,0.9983,0.9997,0.436,1.741,0.526,1.006,0.993,10,False
avc444v1_pointsample_qp26,text_000080,51.08,43.09,52.59,41.27,0.9591,0.9815,0.536,4.852,1.342,2.212,0.987,56,False
avc444v1_pointsample_qp26,text_0000ff,48.33,42.87,47.01,40.25,0.9218,0.9724,0.663,4.684,1.237,2.47,1.017,64,False
avc444v1_pointsample_qp26,text_00ff00,40.63,46.02,45.83,38.86,0.856,0.9859,0.624,5.376,1.381,2.064,1.064,59,False
avc444v1_pointsample_qp26,text_800000,47.61,45.07,43.77,40.18,0.9081,0.9828,0.671,5.574,1.68,2.522,1.059,48,False
avc444v1_pointsample_qp26,text_ff0000,46.73,45.89,44.03,40.28,0.906,0.9866,0.652,5.024,1.49,2.369,1.028,60,False
avc444v1_pointsample_qp26,text_ffffff,38.92,62.96,62.34,38.93,0.99,0.9895,0.205,2.15,0.563,0.18,0.994,65,False
avc444v1_pointsample_qp30,chroma_checker,47.16,42.76,42.19,38.56,0.9887,0.9955,0.664,2.541,0.674,2.264,0.986,19,False
avc444v1_pointsample_qp30,cleartype_text,39.28,38.74,38.88,34.08,0.9529,0.9676,1.607,12.447,3.509,4.833,0.979,73,False
avc444v1_pointsample_qp30,gradient,47.29,47.72,46.81,42.06,0.9807,0.9966,0.669,3.203,1.479,1.863,0.997,33,False
avc444v1_pointsample_qp30,lines_1px,49.31,40.84,44.91,38.42,0.9529,0.9906,0.731,4.251,0.863,2.051,0.989,43,False
avc444v1_pointsample_qp30,solid_patches,49.1,48.7,47.14,42.82,0.9892,0.9992,0.567,2.398,0.687,1.282,0.993,21,False
avc444v1_pointsample_qp30,text_000080,49.61,39.24,52.39,37.74,0.9424,0.9715,0.856,7.793,2.068,3.281,0.94,69,False
avc444v1_pointsample_qp30,text_0000ff,45.37,39.14,45.98,36.99,0.8777,0.9473,1.002,7.382,1.938,3.658,1.007,77,False
avc444v1_pointsample_qp30,text_00ff00,39.22,41.98,41.52,36.17,0.7662,0.9723,1.028,8.611,2.156,3.399,1.091,82,False
avc444v1_pointsample_qp30,text_800000,43.64,41.55,39.16,36.11,0.8389,0.9536,1.172,8.908,2.823,4.232,1.08,64,False
avc444v1_pointsample_qp30,text_ff0000,43.13,40.98,39.96,36.18,0.8292,0.9607,1.165,7.909,2.409,3.96,1.053,74,False
avc444v1_pointsample_qp30,text_ffffff,37.41,58.79,57.74,37.45,0.9722,0.9675,0.379,2.728,0.87,0.36,0.991,66,False
avc444v1_pointsample_qp34,chroma_checker,41.34,39.39,38.4,34.92,0.9637,0.986,0.884,3.626,0.966,3.475,0.98,33,False
avc444v1_pointsample_qp34,cleartype_text,36.51,34.73,34.9,30.47,0.9071,0.9279,2.471,18.034,5.264,7.535,0.969,95,False
avc444v1_pointsample_qp34,gradient,46.24,45.03,43.49,39.97,0.9595,0.9948,1.06,5.511,2.293,3.031,0.999,30,False
avc444v1_pointsample_qp34,lines_1px,45.21,37.63,40.07,34.69,0.9252,0.9781,1.227,8.611,1.63,3.493,0.976,73,False
avc444v1_pointsample_qp34,solid_patches,48.31,47.12,45.33,41.35,0.9753,0.9985,0.793,4.388,1.174,2.012,0.995,19,False
avc444v1_pointsample_qp34,text_000080,48.33,35.24,49.8,33.83,0.8991,0.9583,1.41,12.095,3.213,5.056,0.883,124,False
avc444v1_pointsample_qp34,text_0000ff,43.47,35.26,45.45,33.5,0.8374,0.9227,1.53,12.005,3.023,5.419,0.97,137,False
avc444v1_pointsample_qp34,text_00ff00,36.88,38.22,37.42,32.96,0.6598,0.9392,1.758,12.95,3.341,5.371,1.135,94,False
avc444v1_pointsample_qp34,text_800000,39.83,39.68,34.57,32.34,0.7721,0.9049,1.875,14.245,4.464,6.609,1.029,104,False
avc444v1_pointsample_qp34,text_ff0000,39.04,36.59,35.68,31.9,0.7374,0.9162,1.909,12.631,3.996,6.692,1.087,124,False
avc444v1_pointsample_qp34,text_ffffff,35.93,58.22,57.1,35.97,0.9765,0.9733,0.46,3.91,1.134,0.421,0.988,68,False
avc444v2_filter_noenc,chroma_checker,50.69,47.78,46.2,42.04,0.9999,0.9993,0.533,1.402,0.493,1.366,0.988,7,False
avc444v2_filter_noenc,cleartype_text,52.66,53.85,54.28,47.32,0.9997,0.9999,0.208,3.02,0.586,0.683,0.986,9,False
avc444v2_filter_noenc,gradient,48.91,50.29,48.63,43.7,0.9948,0.9989,0.45,1.468,0.4,0.6,0.995,8,False
avc444v2_filter_noenc,lines_1px,55.41,50.57,48.7,45.41,0.9999,0.9998,0.269,1.258,0.264,0.772,0.989,7,False
avc444v2_filter_noenc,solid_patches,50.53,49.85,51.15,44.77,0.9999,1.0,0.399,0.963,0.41,0.861,0.992,4,False
avc444v2_filter_noenc,text_000080,68.34,54.61,72.29,53.65,0.9997,0.9998,0.075,1.21,0.233,0.425,0.982,8,False
avc444v2_filter_noenc,text_0000ff,68.4,53.57,72.34,52.5,0.9998,0.9999,0.066,1.019,0.203,0.487,0.988,8,False
avc444v2_filter_noenc,text_00ff00,61.35,66.72,65.3,63.21,1.0,1.0,0.033,0.665,0.101,0.168,0.997,2,False
avc444v2_filter_noenc,text_800000,64.09,69.46,55.41,54.58,0.9997,0.9998,0.077,1.242,0.237,0.395,0.983,7,False
avc444v2_filter_noenc,text_ff0000,62.32,67.69,54.47,53.42,0.9999,0.9999,0.076,1.236,0.234,0.454,0.989,7,False
avc444v2_filter_noenc,text_ffffff,57.07,inf,inf,57.07,1.0,1.0,0.034,0.367,0.104,0.0,0.995,1,False
avc444v2_filter_qp18,chroma_checker,50.29,47.23,45.13,41.39,0.9998,0.9978,0.554,1.676,0.525,1.497,0.988,11,False
avc444v2_filter_qp18,cleartype_text,48.99,45.45,45.96,41.27,0.9902,0.9974,0.628,6.245,1.488,1.97,0.984,35,False
avc444v2_filter_qp18,gradient,48.27,47.85,46.25,42.07,0.9814,0.9976,0.507,2.345,0.463,0.738,0.996,17,False
avc444v2_filter_qp18,lines_1px,53.73,49.34,47.13,44.02,0.9901,0.9987,0.381,2.302,0.408,0.982,0.991,22,False
avc444v2_filter_qp18,solid_patches,50.38,49.55,50.49,44.46,0.9986,0.9999,0.434,1.363,0.505,0.96,0.993,9,False
avc444v2_filter_qp18,text_000080,53.35,45.46,51.86,43.45,0.971,0.9907,0.399,4.521,0.94,1.499,1.012,54,False
avc444v2_filter_qp18,text_0000ff,52.92,44.37,50.91,42.36,0.967,0.9929,0.404,4.416,0.909,1.573,1.004,72,False
avc444v2_filter_qp18,text_00ff00,51.17,49.1,48.25,44.63,0.9401,0.9974,0.361,4.17,0.783,1.184,1.03,78,False
avc444v2_filter_qp18,text_800000,52.4,49.6,46.26,43.65,0.9593,0.9946,0.428,4.587,1.036,1.495,1.026,32,False
avc444v2_filter_qp18,text_ff0000,51.92,49.42,44.99,42.78,0.9587,0.9962,0.424,4.416,1.003,1.559,1.009,62,False
avc444v2_filter_qp18,text_ffffff,51.07,56.33,51.97,47.18,0.9727,0.9958,0.372,2.283,0.472,0.351,0.992,8,False
avc444v2_filter_qp22,chroma_checker,49.97,43.69,43.82,39.4,0.999,0.9967,0.616,1.968,0.611,1.905,0.985,25,False
avc444v2_filter_qp22,cleartype_text,41.73,42.11,42.19,36.98,0.968,0.9852,1.024,9.367,2.283,3.051,0.985,53,False
avc444v2_filter_qp22,gradient,47.9,46.61,45.67,41.49,0.9769,0.9966,0.534,2.433,0.58,0.856,0.996,20,False
avc444v2_filter_qp22,lines_1px,51.69,46.35,45.13,41.58,0.9807,0.9976,0.537,2.833,0.594,1.447,0.987,37,False
avc444v2_filter_qp22,solid_patches,50.33,49.16,50.28,44.28,0.9975,0.9999,0.449,1.363,0.521,0.971,0.993,16,False
avc444v2_filter_qp22,text_000080,50.96,42.21,50.23,40.38,0.9504,0.9817,0.601,6.417,1.361,2.197,1.011,51,False
avc444v2_filter_qp22,text_0000ff,48.92,41.56,46.9,39.29,0.9235,0.9812,0.65,6.573,1.394,2.433,1.013,89,False
avc444v2_filter_qp22,text_00ff00,40.71,44.39,44.57,38.18,0.8511,0.9871,0.645,7.417,1.365,2.011,1.069,80,False
avc444v2_filter_qp22,text_800000,48.44,45.52,42.98,40.02,0.9103,0.9844,0.698,7.146,1.627,2.347,1.052,47,False
avc444v2_filter_qp22,text_ff0000,47.09,44.86,42.45,39.28,0.9002,0.9877,0.708,7.102,1.572,2.416,1.027,75,False
avc444v2_filter_qp22,text_ffffff,38.6,54.9,51.72,38.21,0.9628,0.9886,0.481,2.759,0.723,0.438,0.996,65,False
avc444v2_filter_qp26,chroma_checker,48.34,40.3,40.48,36.35,0.9956,0.9961,0.742,4.062,0.742,2.508,0.982,32,False
avc444v2_filter_qp26,cleartype_text,40.45,38.36,38.59,34.03,0.9493,0.9749,1.532,14.123,3.461,4.716,0.982,87,False
avc444v2_filter_qp26,gradient,47.7,44.34,44.16,40.04,0.9623,0.9956,0.588,3.162,0.835,1.24,0.997,25,False
avc444v2_filter_qp26,lines_1px,48.29,45.04,42.57,39.56,0.9551,0.9933,0.701,5.092,0.827,1.839,0.991,74,False
avc444v2_filter_qp26,solid_patches,50.09,49.26,48.79,43.8,0.9952,0.9997,0.486,3.712,0.593,1.082,0.993,26,False
avc444v2_filter_qp26,text_000080,48.48,38.57,48.52,36.9,0.9068,0.9654,1.078,10.061,2.072,3.242,0.983,84,False
avc444v2_filter_qp26,text_0000ff,46.11,38.31,44.64,36.21,0.8811,0.9652,0.936,9.967,1.997,3.611,1.018,95,False
avc444v2_filter_qp26,text_00ff00,39.71,40.55,40.37,35.55,0.7615,0.9744,1.048,11.516,2.187,3.399,1.099,96,False
avc444v2_filter_qp26,text_800000,44.44,41.74,39.22,36.26,0.84,0.962,1.122,10.878,2.575,3.752,1.09,77,False
avc444v2_filter_qp26,text_ff0000,43.99,40.93,38.92,35.67,0.8292,0.9712,1.139,11.492,2.484,3.843,1.046,87,False
avc444v2_filter_qp26,text_ffffff,38.85,53.67,50.91,38.36,0.9565,0.9849,0.596,3.131,0.932,0.594,0.993,66,False
avc444v2_filter_qp30,chroma_checker,44.19,38.4,39.19,34.81,0.9874,0.9813,0.877,4.312,0.892,3.078,0.981,44,False
avc444v2_filter_qp30,cleartype_text,38.18,34.33,34.49,30.28,0.8249,0.9169,2.802,19.69,5.219,7.401,0.978,116,False
avc444v2_filter_qp30,gradient,47.0,43.44,42.89,39.12,0.9462,0.9946,0.68,4.037,1.45,1.994,0.995,28,False
avc444v2_filter_qp30,lines_1px,46.58,39.56,41.39,36.29,0.9094,0.9812,1.043,9.126,1.165,2.571,0.989,86,False
avc444v2_filter_qp30,solid_patches,49.52,46.21,47.73,42.19,0.9854,0.9992,0.625,4.987,0.77,1.345,0.995,37,False
avc444v2_filter_qp30,text_000080,46.56,34.6,48.67,33.2,0.8894,0.9479,1.531,15.248,3.174,4.953,0.942,122,False
avc444v2_filter_qp30,text_0000ff,43.75,34.69,44.5,33.02,0.8424,0.9322,1.45,14.959,2.992,5.303,1.002,165,False
avc444v2_filter_qp30,text_00ff00,37.63,36.23,36.68,31.86,0.669,0.9497,1.738,18.544,3.465,5.468,1.152,171,False
avc444v2_filter_qp30,text_800000,40.73,40.4,35.06,33.02,0.7778,0.916,1.723,15.451,3.915,5.759,1.102,124,False
avc444v2_filter_qp30,text_ff0000,40.39,36.99,35.56,32.07,0.7426,0.938,1.77,16.616,3.796,6.054,1.082,129,False
avc444v2_filter_qp30,text_ffffff,37.37,51.26,49.37,36.86,0.9324,0.9643,0.867,4.259,1.372,0.905,0.989,66,False
avc444v2_filter_qp34,chroma_checker,40.16,35.95,35.51,32.06,0.9523,0.9785,1.152,5.95,1.206,4.449,0.976,75,False
avc444v2_filter_qp34,cleartype_text,35.5,31.04,31.13,27.13,0.7662,0.8675,3.978,25.974,7.625,11.086,0.967,157,False
avc444v2_filter_qp34,gradient,45.74,39.82,39.68,36.07,0.8923,0.9907,1.172,6.414,2.601,3.669,1.001,41,False
avc444v2_filter_qp34,lines_1px,41.78,35.98,37.45,32.57,0.8421,0.9572,1.592,14.583,1.934,4.199,0.985,111,False
avc444v2_filter_qp34,solid_patches,47.92,41.74,42.67,38.19,0.9254,0.997,0.98,6.849,1.57,2.796,0.996,45,False
avc444v2_filter_qp34,text_000080,44.61,30.83,47.51,29.47,0.8163,0.9213,2.284,21.545,4.671,7.481,0.898,167,False
avc444v2_filter_qp34,text_0000ff,40.98,30.73,42.11,29.15,0.736,0.8701,2.473,20.875,4.492,7.849,0.968,248,False
avc444v2_filter_qp34,text_00ff00,34.68,32.33,32.51,28.07,0.58,0.9076,2.774,23.437,5.25,8.738,1.238,200,False
avc444v2_filter_qp34,text_800000,37.02,39.13,31.18,29.63,0.6704,0.8357,2.775,21.322,5.794,8.546,1.056,149,False
avc444v2_filter_qp34,text_ff0000,36.37,34.65,31.55,28.78,0.6355,0.8733,2.813,21.748,5.619,9.127,1.102,182,False
avc444v2_filter_qp34,text_ffffff,35.9,50.8,49.13,35.5,0.9354,0.9686,0.962,4.975,1.645,0.991,0.987,68,False
avc444v2_filter_t30_noenc,chroma_checker,50.69,47.78,46.2,42.04,0.9999,0.9993,0.533,1.402,0.493,1.366,0.988,7,False
avc444v2_filter_t30_noenc,cleartype_text,50.7,38.21,39.47,35.41,0.9965,0.9998,0.609,13.68,1.712,2.635,0.981,64,False
avc444v2_filter_t30_noenc,gradient,49.06,51.46,49.67,44.55,0.997,0.9992,0.418,1.017,0.373,0.541,0.994,6,False
avc444v2_filter_t30_noenc,lines_1px,54.87,47.54,48.33,43.96,0.9876,0.9997,0.291,1.94,0.305,0.885,0.991,25,False
avc444v2_filter_t30_noenc,solid_patches,50.53,49.85,51.15,44.77,0.9999,1.0,0.399,0.963,0.41,0.861,0.992,4,False
avc444v2_filter_t30_noenc,text_000080,57.47,37.37,59.1,36.37,0.9908,0.9982,0.375,11.357,1.161,2.068,0.946,63,False
avc444v2_filter_t30_noenc,text_0000ff,58.28,40.48,56.31,39.4,0.9941,0.9991,0.21,6.329,0.643,1.371,0.986,64,False
avc444v2_filter_t30_noenc,text_00ff00,48.78,43.23,43.26,40.2,0.9351,0.9993,0.143,4.588,0.436,1.042,1.032,55,False
avc444v2_filter_t30_noenc,text_800000,50.28,50.23,37.86,37.47,0.9745,0.9963,0.373,11.132,1.155,2.011,0.981,54,False
avc444v2_filter_t30_noenc,text_ff0000,52.68,45.41,41.0,39.32,0.9574,0.9991,0.251,6.834,0.768,1.605,1.009,55,False
avc444v2_filter_t30_noenc,text_ffffff,57.07,inf,inf,57.07,1.0,1.0,0.034,0.367,0.104,0.0,0.995,1,False
avc444v2_filter_t30_qp18,chroma_checker,50.55,47.62,45.62,41.78,0.9998,0.9989,0.544,1.515,0.509,1.425,0.988,8,False
avc444v2_filter_t30_qp18,cleartype_text,48.69,37.97,39.19,35.09,0.9936,0.999,0.825,13.93,2.202,3.325,0.98,74,False
avc444v2_filter_t30_qp18,gradient,48.58,50.87,49.03,44.1,0.9942,0.9983,0.43,1.2,0.382,0.549,0.995,9,False
avc444v2_filter_t30_qp18,lines_1px,53.99,47.27,47.21,43.36,0.9834,0.9991,0.34,1.874,0.369,0.949,0.993,63,False
avc444v2_filter_t30_qp18,solid_patches,50.43,49.84,51.04,44.72,0.9998,0.9999,0.411,1.106,0.437,0.886,0.993,5,False
avc444v2_filter_t30_qp18,text_000080,54.1,37.18,54.6,36.08,0.98,0.9942,0.538,11.535,1.535,2.626,0.964,73,False
avc444v2_filter_t30_qp18,text_0000ff,54.33,39.46,53.1,38.27,0.9803,0.9961,0.394,6.798,1.076,2.045,0.992,122,False
avc444v2_filter_t30_qp18,text_00ff00,47.55,42.61,42.5,39.38,0.908,0.9984,0.321,4.972,0.858,1.691,1.05,90,False
avc444v2_filter_t30_qp18,text_800000,49.1,49.03,37.71,37.17,0.9573,0.9938,0.548,11.358,1.586,2.572,1.0,62,False
avc444v2_filter_t30_qp18,text_ff0000,50.29,44.86,40.0,38.37,0.9397,0.9974,0.445,7.719,1.242,2.262,1.015,104,False
avc444v2_filter_t30_qp18,text_ffffff,51.94,68.23,62.99,51.33,0.9996,0.9996,0.088,1.359,0.26,0.129,0.993,8,False
avc444v2_filter_t30_qp22,chroma_checker,50.57,45.24,45.45,40.71,0.9996,0.9978,0.562,1.676,0.534,1.577,0.987,13,False
avc444v2_filter_t30_qp22,cleartype_text,41.93,37.67,38.82,34.16,0.9813,0.9901,1.069,14.008,2.716,3.946,0.981,80,False
avc444v2_filter_t30_qp22,gradient,48.24,50.94,48.76,44.0,0.9926,0.9975,0.442,1.309,0.47,0.635,0.995,14,False
avc444v2_filter_t30_qp22,lines_1px,50.24,42.24,42.83,38.57,0.9759,0.9971,0.536,2.607,0.661,1.564,0.99,63,False
avc444v2_filter_t30_qp22,solid_patches,50.38,49.82,50.96,44.68,0.9996,0.9999,0.416,1.133,0.443,0.89,0.993,10,False
avc444v2_filter_t30_qp22,text_000080,51.81,36.78,52.41,35.59,0.9676,0.9884,0.657,11.849,1.819,3.117,0.968,86,False
avc444v2_filter_t30_qp22,text_0000ff,51.35,38.31,50.12,37.02,0.9589,0.9911,0.55,7.611,1.415,2.703,0.997,134,False
avc444v2_filter_t30_qp22,text_00ff00,40.42,41.21,41.63,36.62,0.8543,0.9909,0.511,6.708,1.289,2.333,1.082,92,False
avc444v2_filter_t30_qp22,text_800000,47.57,47.29,37.43,36.65,0.9329,0.989,0.702,11.585,1.943,3.074,1.018,74,False
avc444v2_filter_t30_qp22,text_ff0000,47.05,43.99,38.98,37.21,0.9135,0.993,0.619,8.478,1.632,2.855,1.025,114,False
avc444v2_filter_t30_qp22,text_ffffff,38.65,65.35,62.29,38.62,0.9929,0.9929,0.16,1.744,0.464,0.167,0.996,65,False
avc444v2_filter_t30_qp26,chroma_checker,48.9,43.92,43.55,39.42,0.997,0.9974,0.635,2.111,0.592,1.833,0.987,21,False
avc444v2_filter_t30_qp26,cleartype_text,40.92,36.74,37.43,33.08,0.9683,0.9838,1.395,15.049,3.465,5.021,0.979,101,False
avc444v2_filter_t30_qp26,gradient,48.27,49.14,47.72,43.2,0.9882,0.997,0.461,1.583,0.601,0.86,0.996,11,False
avc444v2_filter_t30_qp26,lines_1px,50.16,44.13,43.05,39.75,0.9655,0.997,0.536,3.327,0.65,1.601,0.992,70,False
avc444v2_filter_t30_qp26,solid_patches,50.18,49.76,50.49,44.47,0.999,0.9998,0.435,1.363,0.503,0.977,0.992,9,False
avc444v2_filter_t30_qp26,text_000080,49.55,36.07,51.74,34.79,0.954,0.979,0.857,12.304,2.292,3.839,0.945,108,False
avc444v2_filter_t30_qp26,text_0000ff,48.12,36.9,47.3,35.44,0.9267,0.9806,0.741,9.089,1.864,3.638,1.004,131,False
avc444v2_filter_t30_qp26,text_00ff00,39.73,39.49,39.01,35.02,0.7923,0.9844,0.798,8.643,1.911,3.469,1.105,97,False
avc444v2_filter_t30_qp26,text_800000,45.17,44.4,36.75,35.56,0.8894,0.9769,0.943,12.392,2.534,3.965,1.043,86,False
avc444v2_filter_t30_qp26,text_ff0000,44.87,42.32,37.32,35.49,0.8714,0.9852,0.895,10.053,2.264,3.87,1.034,114,False
avc444v2_filter_t30_qp26,text_ffffff,38.91,63.19,60.48,38.88,0.9901,0.9897,0.219,2.04,0.598,0.239,0.994,66,False
avc444v2_filter_t30_qp30,chroma_checker,46.53,40.91,41.96,37.25,0.9892,0.995,0.742,2.757,0.704,2.3,0.984,25,False
avc444v2_filter_t30_qp30,cleartype_text,39.01,34.75,35.15,31.02,0.9512,0.9685,2.026,18.534,4.752,6.967,0.976,116,False
avc444v2_filter_t30_qp30,gradient,47.61,48.14,47.01,42.54,0.9837,0.9966,0.513,2.497,1.05,1.407,0.994,14,False
avc444v2_filter_t30_qp30,lines_1px,48.71,40.11,41.19,36.91,0.9329,0.9895,0.76,4.17,0.945,2.333,0.99,140,False
avc444v2_filter_t30_qp30,solid_patches,49.8,48.46,49.97,43.9,0.9959,0.9995,0.514,2.264,0.652,1.18,0.994,9,False
avc444v2_filter_t30_qp30,text_000080,47.95,34.46,51.8,33.16,0.9426,0.9673,1.16,13.83,3.07,5.028,0.912,123,False
avc444v2_filter_t30_qp30,text_0000ff,45.06,34.51,45.91,33.05,0.8846,0.9552,1.128,11.721,2.691,5.158,0.991,165,False
avc444v2_filter_t30_qp30,text_00ff00,38.17,36.56,36.88,32.51,0.7282,0.9712,1.23,12.264,2.886,5.131,1.148,171,False
avc444v2_filter_t30_qp30,text_800000,41.82,41.65,34.83,33.31,0.834,0.9449,1.401,14.762,3.643,5.624,1.068,123,False
avc444v2_filter_t30_qp30,text_ff0000,41.76,38.95,35.31,32.99,0.8037,0.9665,1.324,12.484,3.22,5.555,1.063,129,False
avc444v2_filter_t30_qp30,text_ffffff,37.39,58.98,57.21,37.39,0.9729,0.9678,0.392,2.712,0.898,0.393,0.99,66,False
avc444v2_filter_t30_qp34,chroma_checker,41.32,38.1,38.35,34.27,0.9616,0.9878,0.961,3.804,0.943,3.376,0.98,75,False
avc444v2_filter_t30_qp34,cleartype_text,36.11,31.77,32.13,28.08,0.9093,0.9283,2.941,23.793,6.786,10.093,0.968,157,False
avc444v2_filter_t30_qp34,gradient,46.67,45.36,44.91,40.74,0.9689,0.9947,0.739,3.527,1.823,2.479,0.997,23,False
avc444v2_filter_t30_qp34,lines_1px,44.52,37.72,40.05,34.79,0.9016,0.9766,1.045,7.182,1.405,3.304,0.985,155,False
avc444v2_filter_t30_qp34,solid_patches,48.85,46.97,47.64,42.02,0.9869,0.9987,0.646,4.297,1.174,2.003,0.992,31,False
avc444v2_filter_t30_qp34,text_000080,45.96,31.48,50.06,30.2,0.9018,0.9491,1.737,18.712,4.323,7.083,0.881,167,False
avc444v2_filter_t30_qp34,text_0000ff,42.33,31.05,45.62,29.67,0.8514,0.9177,1.76,18.416,4.079,7.49,0.962,243,False
avc444v2_filter_t30_qp34,text_00ff00,35.34,32.9,32.74,28.73,0.6495,0.9393,2.089,22.263,4.564,8.159,1.232,200,False
avc444v2_filter_t30_qp34,text_800000,37.91,40.25,31.77,30.35,0.773,0.8853,2.133,19.745,5.311,8.049,1.038,149,False
avc444v2_filter_t30_qp34,text_ff0000,37.3,36.33,31.66,29.6,0.7226,0.9114,2.114,20.675,4.962,8.485,1.086,190,False
avc444v2_filter_t30_qp34,text_ffffff,35.91,58.46,56.88,35.93,0.977,0.9734,0.47,3.903,1.149,0.427,0.988,68,False
avc444v2_nofilter_noenc,chroma_checker,50.19,22.8,22.49,19.47,0.9369,0.999,2.7,42.793,0.668,1.887,0.99,143,False
avc444v2_nofilter_noenc,cleartype_text,50.7,36.23,37.81,33.64,0.9952,0.9998,0.671,15.082,1.887,3.048,0.979,98,False
avc444v2_nofilter_noenc,gradient,49.06,51.46,49.67,44.55,0.997,0.9992,0.418,1.017,0.373,0.541,0.994,6,False
avc444v2_nofilter_noenc,lines_1px,42.69,22.75,23.5,20.02,0.8561,0.9952,2.88,42.793,1.48,3.74,0.993,143,False
avc444v2_nofilter_noenc,solid_patches,50.53,49.85,51.15,44.77,0.9999,1.0,0.399,0.963,0.41,0.861,0.992,4,False
avc444v2_nofilter_noenc,text_000080,55.93,35.53,57.63,34.55,0.9865,0.9974,0.468,14.673,1.451,2.621,0.929,90,False
avc444v2_nofilter_noenc,text_0000ff,50.16,29.52,51.17,28.56,0.9777,0.9941,0.644,20.356,1.969,5.029,0.936,177,False
avc444v2_nofilter_noenc,text_00ff00,40.68,33.88,32.38,30.01,0.7959,0.9965,0.419,12.943,1.28,3.984,1.14,133,False
avc444v2_nofilter_noenc,text_800000,48.54,49.46,36.02,35.72,0.967,0.9946,0.457,13.952,1.417,2.494,0.97,76,False
avc444v2_nofilter_noenc,text_ff0000,42.48,43.09,30.02,29.71,0.913,0.9915,0.702,21.585,2.146,4.792,0.979,151,False
avc444v2_nofilter_noenc,text_ffffff,57.07,inf,inf,57.07,1.0,1.0,0.034,0.367,0.104,0.0,0.995,1,False
avc444v2_nofilter_qp18,chroma_checker,49.92,22.8,22.49,19.47,0.9369,0.9984,2.716,42.793,0.685,1.945,0.99,143,False
avc444v2_nofilter_qp18,cleartype_text,48.69,36.11,37.63,33.45,0.9925,0.999,0.886,15.159,2.373,3.726,0.978,97,False
avc444v2_nofilter_qp18,gradient,48.58,50.87,49.03,44.1,0.9942,0.9983,0.43,1.2,0.382,0.549,0.995,9,False
avc444v2_nofilter_qp18,lines_1px,42.57,22.75,23.49,20.02,0.8529,0.9946,2.92,42.876,1.531,3.778,0.994,147,False
avc444v2_nofilter_qp18,solid_patches,50.43,49.84,51.04,44.72,0.9998,0.9999,0.411,1.106,0.437,0.886,0.993,5,False
avc444v2_nofilter_qp18,text_000080,53.26,35.37,53.91,34.3,0.9757,0.9934,0.632,14.807,1.825,3.195,0.942,91,False
avc444v2_nofilter_qp18,text_0000ff,49.27,29.46,49.83,28.48,0.9643,0.991,0.814,20.447,2.361,5.608,0.942,180,False
avc444v2_nofilter_qp18,text_00ff00,40.42,33.84,32.35,29.98,0.7862,0.9954,0.583,12.943,1.659,4.501,1.15,133,False
avc444v2_nofilter_qp18,text_800000,47.77,48.34,35.88,35.47,0.95,0.9921,0.634,14.05,1.851,3.071,0.984,77,False
avc444v2_nofilter_qp18,text_ff0000,42.23,42.77,29.97,29.63,0.8961,0.9895,0.882,21.692,2.576,5.378,0.985,153,False
avc444v2_nofilter_qp18,text_ffffff,51.94,68.23,62.99,51.33,0.9996,0.9996,0.088,1.359,0.26,0.129,0.993,8,False
avc444v2_nofilter_qp22,chroma_checker,50.24,22.79,22.49,19.46,0.9362,0.9975,2.731,42.71,0.71,2.098,0.989,144,False
avc444v2_nofilter_qp22,cleartype_text,41.93,35.93,37.36,32.81,0.9801,0.9901,1.122,15.378,2.865,4.343,0.978,103,False
avc444v2_nofilter_qp22,gradient,48.24,50.94,48.76,44.0,0.9926,0.9975,0.442,1.309,0.47,0.635,0.995,14,False
avc444v2_nofilter_qp22,lines_1px,42.33,22.75,23.5,20.03,0.8521,0.994,3.023,42.876,1.654,4.138,0.99,146,False
avc444v2_nofilter_qp22,solid_patches,50.38,49.82,50.96,44.68,0.9996,0.9999,0.416,1.133,0.443,0.89,0.993,10,False
avc444v2_nofilter_qp22,text_000080,51.18,35.17,51.83,34.01,0.964,0.9877,0.748,14.844,2.102,3.658,0.942,95,False
avc444v2_nofilter_qp22,text_0000ff,48.03,29.4,48.07,28.39,0.9438,0.9858,0.948,20.459,2.633,6.099,0.948,181,False
avc444v2_nofilter_qp22,text_00ff00,37.82,33.73,32.27,29.62,0.7673,0.988,0.754,13.571,2.032,4.972,1.173,136,False
avc444v2_nofilter_qp22,text_800000,46.68,46.75,35.7,35.12,0.9259,0.9875,0.786,14.436,2.204,3.576,0.999,78,False
avc444v2_nofilter_qp22,text_ff0000,41.63,42.25,29.91,29.51,0.8731,0.9852,1.034,22.117,2.9,5.858,0.993,152,False
avc444v2_nofilter_qp22,text_ffffff,38.65,65.35,62.29,38.62,0.9929,0.9929,0.16,1.744,0.464,0.167,0.996,65,False
avc444v2_nofilter_qp26,chroma_checker,47.83,22.79,22.48,19.46,0.9351,0.9969,2.781,42.793,0.767,2.351,0.988,145,False
avc444v2_nofilter_qp26,cleartype_text,40.98,35.42,36.65,32.18,0.9675,0.984,1.431,15.812,3.567,5.316,0.976,101,False
avc444v2_nofilter_qp26,gradient,48.27,49.14,47.72,43.2,0.9882,0.997,0.461,1.583,0.601,0.86,0.996,11,False
avc444v2_nofilter_qp26,lines_1px,42.04,22.74,23.48,20.02,0.8416,0.9923,3.076,42.959,1.743,4.257,0.993,151,False
avc444v2_nofilter_qp26,solid_patches,50.18,49.76,50.49,44.47,0.999,0.9998,0.435,1.363,0.503,0.977,0.992,9,False
avc444v2_nofilter_qp26,text_000080,49.18,34.67,51.32,33.41,0.9514,0.9788,0.955,15.358,2.596,4.394,0.916,108,False
avc444v2_nofilter_qp26,text_0000ff,46.02,29.26,45.85,28.15,0.9144,0.975,1.12,20.992,3.022,6.89,0.952,200,False
avc444v2_nofilter_qp26,text_00ff00,37.55,33.54,32.08,29.45,0.7395,0.9815,0.998,14.2,2.522,5.786,1.182,137,False
avc444v2_nofilter_qp26,text_800000,44.83,44.09,35.31,34.39,0.8855,0.9762,1.021,14.876,2.777,4.426,1.019,86,False
avc444v2_nofilter_qp26,text_ff0000,40.99,41.12,29.79,29.27,0.8375,0.9776,1.275,22.291,3.424,6.678,1.002,158,False
avc444v2_nofilter_qp26,text_ffffff,38.91,63.19,60.48,38.88,0.9901,0.9897,0.219,2.04,0.598,0.239,0.994,66,False
avc444v2_nofilter_qp30,chroma_checker,44.55,22.69,22.48,19.42,0.9343,0.9933,2.888,43.16,0.878,2.812,0.985,146,False
avc444v2_nofilter_qp30,cleartype_text,39.2,34.36,35.42,30.99,0.9521,0.9691,1.993,17.712,4.662,6.901,0.973,101,False
avc444v2_nofilter_qp30,gradient,47.61,48.14,47.01,42.54,0.9837,0.9966,0.513,2.497,1.05,1.407,0.994,14,False
avc444v2_nofilter_qp30,lines_1px,41.99,22.71,23.49,19.97,0.8144,0.9853,3.26,42.876,1.965,4.863,0.991,152,False
avc444v2_nofilter_qp30,solid_patches,49.8,48.46,49.97,43.9,0.9959,0.9995,0.514,2.264,0.652,1.18,0.994,9,False
avc444v2_nofilter_qp30,text_000080,47.86,33.72,51.64,32.42,0.9414,0.9684,1.232,15.945,3.296,5.433,0.868,123,False
avc444v2_nofilter_qp30,text_0000ff,43.78,28.96,44.72,27.75,0.8774,0.95,1.464,20.981,3.728,8.084,0.941,198,False
avc444v2_nofilter_qp30,text_00ff00,36.77,33.11,31.84,29.06,0.7057,0.9697,1.348,14.886,3.261,6.994,1.202,156,False
avc444v2_nofilter_qp30,text_800000,42.06,41.44,34.26,32.89,0.836,0.9478,1.445,15.991,3.786,5.908,1.03,123,False
avc444v2_nofilter_qp30,text_ff0000,39.71,38.83,29.56,28.76,0.7847,0.961,1.638,22.695,4.193,8.022,1.022,166,False
avc444v2_nofilter_qp30,text_ffffff,37.39,58.98,57.21,37.39,0.9729,0.9678,0.392,2.712,0.898,0.393,0.99,66,False
avc444v2_nofilter_qp34,chroma_checker,41.36,22.73,22.42,19.38,0.9013,0.9878,3.078,42.793,1.114,3.871,0.982,146,False
avc444v2_nofilter_qp34,cleartype_text,36.48,32.31,33.17,28.81,0.9135,0.9303,2.794,21.573,6.392,9.423,0.966,115,False
avc444v2_nofilter_qp34,gradient,46.67,45.36,44.91,40.74,0.9689,0.9947,0.739,3.527,1.823,2.479,0.997,23,False
avc444v2_nofilter_qp34,lines_1px,40.76,22.58,23.59,19.94,0.7939,0.9736,3.518,42.893,2.367,5.755,0.984,157,False
avc444v2_nofilter_qp34,solid_patches,48.85,46.97,47.64,42.02,0.9869,0.9987,0.646,4.297,1.174,2.003,0.992,31,False
avc444v2_nofilter_qp34,text_000080,47.05,32.17,50.63,30.88,0.91,0.9586,1.713,17.353,4.286,6.915,0.81,124,False
avc444v2_nofilter_qp34,text_0000ff,42.01,28.36,45.03,27.07,0.8548,0.9192,1.947,21.675,4.72,9.585,0.905,243,False
avc444v2_nofilter_qp34,text_00ff00,35.24,32.1,31.09,28.07,0.6543,0.945,1.987,17.104,4.387,8.857,1.237,176,False
avc444v2_nofilter_qp34,text_800000,39.05,40.47,32.39,30.93,0.79,0.9035,2.051,17.829,5.107,7.783,0.972,119,False
avc444v2_nofilter_qp34,text_ff0000,37.24,36.54,28.97,27.76,0.7255,0.9174,2.252,23.331,5.46,10.081,1.034,190,False
avc444v2_nofilter_qp34,text_ffffff,35.91,58.46,56.88,35.93,0.977,0.9734,0.47,3.903,1.149,0.427,0.988,68,False
clearcodec,chroma_checker,inf,inf,inf,inf,1.0,1.0,0.0,0.0,0.0,0.0,1.0,0,True
clearcodec,cleartype_text,inf,inf,inf,inf,1.0,1.0,0.0,0.0,0.0,0.0,1.0,0,True
clearcodec,gradient,inf,inf,inf,inf,1.0,1.0,0.0,0.0,0.0,0.0,1.0,0,True
clearcodec,lines_1px,inf,inf,inf,inf,1.0,1.0,0.0,0.0,0.0,0.0,1.0,0,True
clearcodec,solid_patches,inf,inf,inf,inf,1.0,1.0,0.0,0.0,0.0,0.0,1.0,0,True
clearcodec,text_000080,inf,inf,inf,inf,1.0,1.0,0.0,0.0,0.0,0.0,1.0,0,True
clearcodec,text_0000ff,inf,inf,inf,inf,1.0,1.0,0.0,0.0,0.0,0.0,1.0,0,True
clearcodec,text_00ff00,inf,inf,inf,inf,1.0,1.0,0.0,0.0,0.0,0.0,1.0,0,True
clearcodec,text_800000,inf,inf,inf,inf,1.0,1.0,0.0,0.0,0.0,0.0,1.0,0,True
clearcodec,text_ff0000,inf,inf,inf,inf,1.0,1.0,0.0,0.0,0.0,0.0,1.0,0,True
clearcodec,text_ffffff,inf,inf,inf,inf,1.0,1.0,0.0,0.0,0.0,0.0,1.0,0,True
clearcodec_glyph_tiles,chroma_checker,inf,inf,inf,inf,1.0,1.0,0.0,0.0,0.0,0.0,1.0,0,True
clearcodec_glyph_tiles,cleartype_text,inf,inf,inf,inf,1.0,1.0,0.0,0.0,0.0,0.0,1.0,0,True
clearcodec_glyph_tiles,gradient,inf,inf,inf,inf,1.0,1.0,0.0,0.0,0.0,0.0,1.0,0,True
clearcodec_glyph_tiles,lines_1px,inf,inf,inf,inf,1.0,1.0,0.0,0.0,0.0,0.0,1.0,0,True
clearcodec_glyph_tiles,solid_patches,inf,inf,inf,inf,1.0,1.0,0.0,0.0,0.0,0.0,1.0,0,True
clearcodec_glyph_tiles,text_000080,inf,inf,inf,inf,1.0,1.0,0.0,0.0,0.0,0.0,1.0,0,True
clearcodec_glyph_tiles,text_0000ff,inf,inf,inf,inf,1.0,1.0,0.0,0.0,0.0,0.0,1.0,0,True
clearcodec_glyph_tiles,text_00ff00,inf,inf,inf,inf,1.0,1.0,0.0,0.0,0.0,0.0,1.0,0,True
clearcodec_glyph_tiles,text_800000,inf,inf,inf,inf,1.0,1.0,0.0,0.0,0.0,0.0,1.0,0,True
clearcodec_glyph_tiles,text_ff0000,inf,inf,inf,inf,1.0,1.0,0.0,0.0,0.0,0.0,1.0,0,True
clearcodec_glyph_tiles,text_ffffff,inf,inf,inf,inf,1.0,1.0,0.0,0.0,0.0,0.0,1.0,0,True
freerdp_avc444v1_generic_noenc,chroma_checker,50.69,47.78,46.2,42.04,0.9999,0.9993,0.533,1.402,0.493,1.366,0.988,7,False
freerdp_avc444v1_generic_noenc,cleartype_text,50.7,38.49,39.74,35.67,0.9966,0.9998,0.598,13.636,1.681,2.565,0.982,61,False
freerdp_avc444v1_generic_noenc,gradient,49.06,51.46,49.67,44.55,0.997,0.9992,0.418,1.017,0.373,0.541,0.994,6,False
freerdp_avc444v1_generic_noenc,lines_1px,54.87,47.54,48.33,43.96,0.9876,0.9997,0.291,1.94,0.305,0.885,0.991,25,False
freerdp_avc444v1_generic_noenc,solid_patches,50.53,49.85,51.15,44.77,0.9999,1.0,0.399,0.963,0.41,0.861,0.992,4,False
freerdp_avc444v1_generic_noenc,text_000080,58.09,38.09,59.67,37.09,0.992,0.9984,0.344,10.712,1.067,1.884,0.951,62,False
freerdp_avc444v1_generic_noenc,text_0000ff,58.55,40.98,56.4,39.89,0.9943,0.9991,0.203,5.854,0.62,1.309,0.986,62,False
freerdp_avc444v1_generic_noenc,text_00ff00,49.48,43.86,43.73,40.77,0.9406,0.9994,0.134,4.29,0.409,0.967,1.029,51,False
freerdp_avc444v1_generic_noenc,text_800000,50.95,50.49,38.59,38.16,0.9767,0.9967,0.345,10.534,1.068,1.851,0.985,53,False
freerdp_avc444v1_generic_noenc,text_ff0000,53.1,45.44,41.51,39.67,0.958,0.9992,0.243,6.403,0.743,1.551,1.008,53,False
freerdp_avc444v1_generic_noenc,text_ffffff,57.07,inf,inf,57.07,1.0,1.0,0.034,0.367,0.104,0.0,0.995,1,False
freerdp_avc444v1_generic_qp22,chroma_checker,50.85,45.76,45.4,41.02,0.9996,0.998,0.543,1.813,0.51,1.526,0.987,13,False
freerdp_avc444v1_generic_qp22,cleartype_text,41.9,37.92,38.92,34.33,0.9813,0.9899,1.062,13.712,2.672,3.889,0.981,79,False
freerdp_avc444v1_generic_qp22,gradient,48.27,50.91,49.18,44.19,0.9931,0.9975,0.437,1.316,0.473,0.623,0.995,15,False
freerdp_avc444v1_generic_qp22,lines_1px,50.31,42.83,43.48,39.13,0.976,0.9974,0.533,3.147,0.648,1.438,0.991,63,False
freerdp_avc444v1_generic_qp22,solid_patches,50.32,49.76,50.91,44.65,0.9995,0.9999,0.428,1.416,0.478,0.924,0.992,5,False
freerdp_avc444v1_generic_qp22,text_000080,51.88,36.99,51.56,35.78,0.9646,0.9884,0.633,11.533,1.765,3.089,0.974,86,False
freerdp_avc444v1_generic_qp22,text_0000ff,51.4,38.97,49.84,37.62,0.9579,0.991,0.518,7.102,1.348,2.615,0.999,94,False
freerdp_avc444v1_generic_qp22,text_00ff00,40.49,42.1,42.03,37.0,0.8558,0.9907,0.512,6.42,1.248,2.222,1.079,80,False
freerdp_avc444v1_generic_qp22,text_800000,47.64,46.92,37.6,36.76,0.9302,0.989,0.703,11.434,1.941,3.085,1.021,74,False
freerdp_avc444v1_generic_qp22,text_ff0000,47.34,43.93,39.71,37.65,0.9132,0.993,0.607,7.719,1.585,2.784,1.026,80,False
freerdp_avc444v1_generic_qp22,text_ffffff,38.65,66.7,65.24,38.64,0.9929,0.9928,0.14,1.687,0.41,0.092,0.997,65,False
freerdp_avc444v1_opt_noenc,chroma_checker,29.4,16.03,14.33,12.41,0.8009,0.8831,8.035,99.597,1.1,3.039,0.992,255,False
freerdp_avc444v1_opt_noenc,cleartype_text,36.65,24.5,26.96,21.99,0.9448,0.9955,2.261,45.664,6.356,12.91,0.97,255,False
freerdp_avc444v1_opt_noenc,gradient,48.94,49.14,47.99,43.41,0.9922,0.9989,0.463,1.488,0.396,0.624,0.994,7,False
freerdp_avc444v1_opt_noenc,lines_1px,29.5,17.07,15.15,13.01,0.6811,0.92,5.015,50.55,2.915,8.562,1.013,255,False
freerdp_avc444v1_opt_noenc,solid_patches,50.53,49.85,51.15,44.77,0.9999,1.0,0.399,0.963,0.41,0.861,0.992,4,False
freerdp_avc444v1_opt_noenc,text_000080,41.67,25.29,45.96,24.26,0.9003,0.934,1.436,34.206,4.449,9.678,1.135,235,False
freerdp_avc444v1_opt_noenc,text_0000ff,40.08,22.56,44.05,21.75,0.8693,0.9429,1.778,38.081,5.437,13.962,0.924,255,False
freerdp_avc444v1_opt_noenc,text_00ff00,30.55,23.49,22.2,19.58,0.7123,0.9774,2.193,72.88,6.704,15.729,1.587,255,False
freerdp_avc444v1_opt_noenc,text_800000,33.84,39.62,25.68,25.11,0.8085,0.8856,1.66,41.239,5.143,9.63,1.23,199,False
freerdp_avc444v1_opt_noenc,text_ff0000,32.5,33.93,22.16,21.85,0.7387,0.9299,2.054,42.822,6.279,14.632,1.083,255,False
freerdp_avc444v1_opt_noenc,text_ffffff,57.07,inf,inf,57.07,1.0,1.0,0.034,0.367,0.104,0.0,0.995,1,False
freerdp_avc444v1_opt_qp22,chroma_checker,29.36,16.03,14.32,12.4,0.8008,0.8822,8.043,99.597,1.118,3.2,0.991,255,False
freerdp_avc444v1_opt_qp22,cleartype_text,35.65,24.5,26.95,21.96,0.9306,0.9852,2.645,45.393,7.122,13.887,0.969,255,False
freerdp_avc444v1_opt_qp22,gradient,48.08,48.79,47.66,43.11,0.9885,0.9971,0.479,1.541,0.496,0.707,0.995,15,False
freerdp_avc444v1_opt_qp22,lines_1px,29.61,17.05,15.16,13.02,0.679,0.9195,5.161,50.572,3.084,8.846,1.011,255,False
freerdp_avc444v1_opt_qp22,solid_patches,50.32,49.76,50.91,44.65,0.9995,0.9999,0.428,1.416,0.478,0.924,0.992,5,False
freerdp_avc444v1_opt_qp22,text_000080,41.24,25.29,45.17,24.21,0.8766,0.9198,1.676,34.059,4.999,10.522,1.142,240,False
freerdp_avc444v1_opt_qp22,text_0000ff,39.77,22.54,43.11,21.71,0.84,0.9319,2.034,38.16,5.98,14.832,0.928,255,False
freerdp_avc444v1_opt_qp22,text_00ff00,30.1,23.46,22.17,19.53,0.697,0.9682,2.52,74.036,7.383,16.634,1.609,255,False
freerdp_avc444v1_opt_qp22,text_800000,33.74,38.87,25.7,25.09,0.7826,0.8764,1.955,41.153,5.823,10.522,1.243,205,False
freerdp_avc444v1_opt_qp22,text_ff0000,32.39,33.89,22.13,21.84,0.7224,0.9222,2.353,43.161,6.921,15.49,1.087,255,False
freerdp_avc444v1_opt_qp22,text_ffffff,38.65,66.7,65.24,38.64,0.9929,0.9928,0.14,1.687,0.41,0.092,0.997,65,False
freerdp_avc444v2_generic_noenc,chroma_checker,50.69,47.78,46.2,42.04,0.9999,0.9993,0.533,1.402,0.493,1.366,0.988,7,False
freerdp_avc444v2_generic_noenc,cleartype_text,50.7,38.49,39.74,35.67,0.9966,0.9998,0.598,13.636,1.681,2.565,0.982,61,False
freerdp_avc444v2_generic_noenc,gradient,49.06,51.46,49.67,44.55,0.997,0.9992,0.418,1.017,0.373,0.541,0.994,6,False
freerdp_avc444v2_generic_noenc,lines_1px,54.87,47.54,48.33,43.96,0.9876,0.9997,0.291,1.94,0.305,0.885,0.991,25,False
freerdp_avc444v2_generic_noenc,solid_patches,50.53,49.85,51.15,44.77,0.9999,1.0,0.399,0.963,0.41,0.861,0.992,4,False
freerdp_avc444v2_generic_noenc,text_000080,58.09,38.09,59.67,37.09,0.992,0.9984,0.344,10.712,1.067,1.884,0.951,62,False
freerdp_avc444v2_generic_noenc,text_0000ff,58.55,40.98,56.4,39.89,0.9943,0.9991,0.203,5.854,0.62,1.309,0.986,62,False
freerdp_avc444v2_generic_noenc,text_00ff00,49.48,43.86,43.73,40.77,0.9406,0.9994,0.134,4.29,0.409,0.967,1.029,51,False
freerdp_avc444v2_generic_noenc,text_800000,50.95,50.49,38.59,38.16,0.9767,0.9967,0.345,10.534,1.068,1.851,0.985,53,False
freerdp_avc444v2_generic_noenc,text_ff0000,53.1,45.44,41.51,39.67,0.958,0.9992,0.243,6.403,0.743,1.551,1.008,53,False
freerdp_avc444v2_generic_noenc,text_ffffff,57.07,inf,inf,57.07,1.0,1.0,0.034,0.367,0.104,0.0,0.995,1,False
freerdp_avc444v2_generic_qp22,chroma_checker,50.57,45.24,45.45,40.71,0.9996,0.9978,0.562,1.676,0.534,1.577,0.987,13,False
freerdp_avc444v2_generic_qp22,cleartype_text,41.93,37.85,38.9,34.29,0.9814,0.9901,1.062,13.849,2.694,3.903,0.981,80,False
freerdp_avc444v2_generic_qp22,gradient,48.24,50.94,48.76,44.0,0.9926,0.9975,0.442,1.309,0.47,0.635,0.995,14,False
freerdp_avc444v2_generic_qp22,lines_1px,50.51,44.35,42.97,39.71,0.9774,0.9977,0.501,2.302,0.596,1.475,0.989,63,False
freerdp_avc444v2_generic_qp22,solid_patches,50.38,49.82,50.96,44.68,0.9996,0.9999,0.416,1.133,0.443,0.89,0.993,10,False
freerdp_avc444v2_generic_qp22,text_000080,51.87,36.96,52.46,35.77,0.968,0.9886,0.647,11.533,1.787,3.06,0.97,86,False
freerdp_avc444v2_generic_qp22,text_0000ff,51.4,38.56,50.14,37.25,0.9591,0.9911,0.542,7.307,1.392,2.659,0.997,134,False
freerdp_avc444v2_generic_qp22,text_00ff00,40.46,41.55,41.87,36.83,0.8573,0.991,0.506,6.483,1.274,2.28,1.08,92,False
freerdp_avc444v2_generic_qp22,text_800000,47.7,47.35,37.61,36.82,0.9335,0.9892,0.693,11.47,1.916,3.027,1.02,63,False
freerdp_avc444v2_generic_qp22,text_ff0000,47.14,44.01,39.22,37.38,0.914,0.9931,0.612,8.14,1.612,2.815,1.025,114,False
freerdp_avc444v2_generic_qp22,text_ffffff,38.65,65.35,62.29,38.62,0.9929,0.9929,0.16,1.744,0.464,0.167,0.996,65,False
freerdp_avc444v2_opt_noenc,chroma_checker,50.69,47.78,46.2,42.04,0.9999,0.9993,0.533,1.402,0.493,1.366,0.988,7,False
freerdp_avc444v2_opt_noenc,cleartype_text,50.7,38.49,39.74,35.67,0.9966,0.9998,0.598,13.636,1.681,2.565,0.982,61,False
freerdp_avc444v2_opt_noenc,gradient,49.06,51.46,49.67,44.55,0.997,0.9992,0.418,1.017,0.373,0.541,0.994,6,False
freerdp_avc444v2_opt_noenc,lines_1px,54.87,47.54,48.33,43.96,0.9876,0.9997,0.291,1.94,0.305,0.885,0.991,25,False
freerdp_avc444v2_opt_noenc,solid_patches,50.53,49.85,51.15,44.77,0.9999,1.0,0.399,0.963,0.41,0.861,0.992,4,False
freerdp_avc444v2_opt_noenc,text_000080,58.09,38.09,59.67,37.09,0.992,0.9984,0.344,10.712,1.067,1.884,0.951,62,False
freerdp_avc444v2_opt_noenc,text_0000ff,58.55,40.98,56.4,39.89,0.9943,0.9991,0.203,5.854,0.62,1.309,0.986,62,False
freerdp_avc444v2_opt_noenc,text_00ff00,49.48,43.86,43.73,40.77,0.9406,0.9994,0.134,4.29,0.409,0.967,1.029,51,False
freerdp_avc444v2_opt_noenc,text_800000,50.95,50.49,38.59,38.16,0.9767,0.9967,0.345,10.534,1.068,1.851,0.985,53,False
freerdp_avc444v2_opt_noenc,text_ff0000,53.1,45.44,41.51,39.67,0.958,0.9992,0.243,6.403,0.743,1.551,1.008,53,False
freerdp_avc444v2_opt_noenc,text_ffffff,57.07,inf,inf,57.07,1.0,1.0,0.034,0.367,0.104,0.0,0.995,1,False
freerdp_avc444v2_opt_qp22,chroma_checker,50.57,45.24,45.45,40.71,0.9996,0.9978,0.562,1.676,0.534,1.577,0.987,13,False
freerdp_avc444v2_opt_qp22,cleartype_text,41.93,37.85,38.9,34.29,0.9814,0.9901,1.062,13.849,2.694,3.903,0.981,80,False
freerdp_avc444v2_opt_qp22,gradient,48.24,50.94,48.76,44.0,0.9926,0.9975,0.442,1.309,0.47,0.635,0.995,14,False
freerdp_avc444v2_opt_qp22,lines_1px,50.51,44.35,42.97,39.71,0.9774,0.9977,0.501,2.302,0.596,1.475,0.989,63,False
freerdp_avc444v2_opt_qp22,solid_patches,50.38,49.82,50.96,44.68,0.9996,0.9999,0.416,1.133,0.443,0.89,0.993,10,False
freerdp_avc444v2_opt_qp22,text_000080,51.87,36.96,52.46,35.77,0.968,0.9886,0.647,11.533,1.787,3.06,0.97,86,False
freerdp_avc444v2_opt_qp22,text_0000ff,51.4,38.56,50.14,37.25,0.9591,0.9911,0.542,7.307,1.392,2.659,0.997,134,False
freerdp_avc444v2_opt_qp22,text_00ff00,40.46,41.55,41.87,36.83,0.8573,0.991,0.506,6.483,1.274,2.28,1.08,92,False
freerdp_avc444v2_opt_qp22,text_800000,47.7,47.35,37.61,36.82,0.9335,0.9892,0.693,11.47,1.916,3.027,1.02,63,False
freerdp_avc444v2_opt_qp22,text_ff0000,47.14,44.01,39.22,37.38,0.914,0.9931,0.612,8.14,1.612,2.815,1.025,114,False
freerdp_avc444v2_opt_qp22,text_ffffff,38.65,65.35,62.29,38.62,0.9929,0.9929,0.16,1.744,0.464,0.167,0.996,65,False
freerdp_decode_clearcodec,chroma_checker,inf,inf,inf,inf,1.0,1.0,0.0,0.0,0.0,0.0,1.0,0,True
freerdp_decode_clearcodec,cleartype_text,inf,inf,inf,inf,1.0,1.0,0.0,0.0,0.0,0.0,1.0,0,True
freerdp_decode_clearcodec,gradient,inf,inf,inf,inf,1.0,1.0,0.0,0.0,0.0,0.0,1.0,0,True
freerdp_decode_clearcodec,lines_1px,inf,inf,inf,inf,1.0,1.0,0.0,0.0,0.0,0.0,1.0,0,True
freerdp_decode_clearcodec,solid_patches,inf,inf,inf,inf,1.0,1.0,0.0,0.0,0.0,0.0,1.0,0,True
freerdp_decode_clearcodec,text_000080,inf,inf,inf,inf,1.0,1.0,0.0,0.0,0.0,0.0,1.0,0,True
freerdp_decode_clearcodec,text_0000ff,inf,inf,inf,inf,1.0,1.0,0.0,0.0,0.0,0.0,1.0,0,True
freerdp_decode_clearcodec,text_00ff00,inf,inf,inf,inf,1.0,1.0,0.0,0.0,0.0,0.0,1.0,0,True
freerdp_decode_clearcodec,text_800000,inf,inf,inf,inf,1.0,1.0,0.0,0.0,0.0,0.0,1.0,0,True
freerdp_decode_clearcodec,text_ff0000,inf,inf,inf,inf,1.0,1.0,0.0,0.0,0.0,0.0,1.0,0,True
freerdp_decode_clearcodec,text_ffffff,inf,inf,inf,inf,1.0,1.0,0.0,0.0,0.0,0.0,1.0,0,True
freerdp_decode_nscodec_cll1,chroma_checker,58.47,56.32,53.84,49.38,1.0,0.9993,0.156,0.414,0.156,0.426,0.996,2,False
freerdp_decode_nscodec_cll1,cleartype_text,55.32,65.75,65.09,54.97,0.9999,0.9999,0.075,0.767,0.21,0.192,0.994,2,False
freerdp_decode_nscodec_cll1,gradient,50.06,58.42,55.5,48.8,0.9972,0.9983,0.242,0.706,0.25,0.234,0.996,2,False
freerdp_decode_nscodec_cll1,lines_1px,59.94,71.37,60.5,57.07,1.0,1.0,0.053,0.396,0.062,0.133,0.997,2,False
freerdp_decode_nscodec_cll1,solid_patches,50.73,59.27,56.28,49.1,1.0,1.0,0.143,0.414,0.134,0.282,0.995,2,False
freerdp_decode_nscodec_cll1,text_000080,inf,inf,inf,inf,1.0,1.0,0.0,0.0,0.0,0.0,1.0,0,True
freerdp_decode_nscodec_cll1,text_0000ff,inf,inf,inf,inf,1.0,1.0,0.0,0.0,0.0,0.0,1.0,0,True
freerdp_decode_nscodec_cll1,text_00ff00,63.63,69.0,67.57,65.49,1.0,1.0,0.017,0.359,0.053,0.1,0.998,1,False
freerdp_decode_nscodec_cll1,text_800000,75.6,80.97,68.17,66.92,1.0,1.0,0.013,0.387,0.039,0.063,0.997,1,False
freerdp_decode_nscodec_cll1,text_ff0000,74.17,79.54,66.74,65.49,1.0,1.0,0.014,0.318,0.043,0.086,0.998,1,False
freerdp_decode_nscodec_cll1,text_ffffff,55.52,inf,inf,55.52,1.0,1.0,0.028,0.543,0.085,0.0,0.995,2,False
freerdp_decode_nscodec_cll3,chroma_checker,53.27,46.12,45.08,43.01,0.9977,0.9992,0.456,0.903,0.456,1.469,0.987,4,False
freerdp_decode_nscodec_cll3,cleartype_text,50.2,47.76,54.12,47.41,0.9997,0.9998,0.347,3.783,0.975,1.292,0.996,6,False
freerdp_decode_nscodec_cll3,gradient,45.67,43.11,47.28,41.66,0.9158,0.9963,0.631,1.947,0.522,1.027,0.99,6,False
freerdp_decode_nscodec_cll3,lines_1px,55.38,48.4,47.57,45.05,0.9944,0.9999,0.215,0.903,0.238,0.768,0.99,4,False
freerdp_decode_nscodec_cll3,solid_patches,48.53,47.61,46.33,44.15,0.9481,0.9999,0.254,0.903,0.212,0.673,0.992,4,False
freerdp_decode_nscodec_cll3,text_000080,66.18,53.04,66.05,51.31,0.9987,0.9996,0.098,1.953,0.305,0.526,1.032,6,False
freerdp_decode_nscodec_cll3,text_0000ff,66.52,53.45,66.53,51.71,0.9989,0.9998,0.073,1.56,0.224,0.478,1.015,6,False
freerdp_decode_nscodec_cll3,text_00ff00,55.48,52.57,51.14,50.54,0.9825,1.0,0.1,1.988,0.306,0.821,1.01,4,False
freerdp_decode_nscodec_cll3,text_800000,65.28,52.95,58.49,50.85,0.9795,0.9999,0.114,1.863,0.352,0.607,1.031,5,False
freerdp_decode_nscodec_cll3,text_ff0000,64.39,52.42,56.29,50.14,0.9775,1.0,0.1,1.702,0.307,0.699,1.013,5,False
freerdp_decode_nscodec_cll3,text_ffffff,55.52,inf,inf,55.52,1.0,1.0,0.028,0.543,0.085,0.0,0.995,2,False
freerdp_decode_nscodec_cll7,chroma_checker,26.79,19.39,18.99,17.0,0.895,0.6857,12.431,28.423,12.429,28.085,0.752,64,False
freerdp_decode_nscodec_cll7,cleartype_text,31.18,22.66,28.24,21.66,0.9334,0.9897,3.649,36.034,10.259,23.212,1.024,126,False
freerdp_decode_nscodec_cll7,gradient,25.76,17.64,23.29,16.7,0.706,0.9232,10.986,31.863,7.897,18.946,0.908,126,False
freerdp_decode_nscodec_cll7,lines_1px,33.38,22.48,23.13,19.92,0.8791,0.9598,5.035,21.096,5.571,14.712,0.866,64,False
freerdp_decode_nscodec_cll7,solid_patches,28.01,21.89,21.17,19.06,0.837,0.9699,5.09,21.096,4.457,14.39,0.915,64,False
freerdp_decode_nscodec_cll7,text_000080,37.95,25.43,37.93,23.59,0.8212,0.8548,1.703,26.838,5.279,14.26,1.892,126,False
freerdp_decode_nscodec_cll7,text_0000ff,41.07,26.57,44.38,25.08,0.9177,0.9495,1.203,24.95,3.677,10.67,1.256,126,False
freerdp_decode_nscodec_cll7,text_00ff00,32.0,27.05,25.62,24.8,0.7112,0.9889,1.829,27.506,5.591,16.463,1.246,64,False
freerdp_decode_nscodec_cll7,text_800000,36.79,25.78,33.0,23.49,0.836,0.9293,2.927,31.307,9.071,15.233,1.917,95,False
freerdp_decode_nscodec_cll7,text_ff0000,37.9,26.63,30.53,24.21,0.8465,0.9792,2.421,27.568,7.402,14.802,1.22,95,False
freerdp_decode_nscodec_cll7,text_ffffff,55.52,inf,inf,55.52,1.0,1.0,0.028,0.543,0.085,0.0,0.995,2,False
freerdp_decode_planar,chroma_checker,inf,inf,inf,inf,1.0,1.0,0.0,0.0,0.0,0.0,1.0,0,True
freerdp_decode_planar,cleartype_text,inf,inf,inf,inf,1.0,1.0,0.0,0.0,0.0,0.0,1.0,0,True
freerdp_decode_planar,gradient,inf,inf,inf,inf,1.0,1.0,0.0,0.0,0.0,0.0,1.0,0,True
freerdp_decode_planar,lines_1px,inf,inf,inf,inf,1.0,1.0,0.0,0.0,0.0,0.0,1.0,0,True
freerdp_decode_planar,solid_patches,inf,inf,inf,inf,1.0,1.0,0.0,0.0,0.0,0.0,1.0,0,True
freerdp_decode_planar,text_000080,inf,inf,inf,inf,1.0,1.0,0.0,0.0,0.0,0.0,1.0,0,True
freerdp_decode_planar,text_0000ff,inf,inf,inf,inf,1.0,1.0,0.0,0.0,0.0,0.0,1.0,0,True
freerdp_decode_planar,text_00ff00,inf,inf,inf,inf,1.0,1.0,0.0,0.0,0.0,0.0,1.0,0,True
freerdp_decode_planar,text_800000,inf,inf,inf,inf,1.0,1.0,0.0,0.0,0.0,0.0,1.0,0,True
freerdp_decode_planar,text_ff0000,inf,inf,inf,inf,1.0,1.0,0.0,0.0,0.0,0.0,1.0,0,True
freerdp_decode_planar,text_ffffff,inf,inf,inf,inf,1.0,1.0,0.0,0.0,0.0,0.0,1.0,0,True
nscodec_cll1,chroma_checker,58.47,56.32,53.84,49.38,1.0,0.9993,0.156,0.414,0.156,0.426,0.996,2,False
nscodec_cll1,cleartype_text,55.32,65.75,65.09,54.97,0.9999,0.9999,0.075,0.767,0.21,0.192,0.994,2,False
nscodec_cll1,gradient,50.06,58.42,55.5,48.8,0.9972,0.9983,0.242,0.706,0.25,0.234,0.996,2,False
nscodec_cll1,lines_1px,59.94,71.37,60.5,57.07,1.0,1.0,0.053,0.396,0.062,0.133,0.997,2,False
nscodec_cll1,solid_patches,50.73,59.27,56.28,49.1,1.0,1.0,0.143,0.414,0.134,0.282,0.995,2,False
nscodec_cll1,text_000080,inf,inf,inf,inf,1.0,1.0,0.0,0.0,0.0,0.0,1.0,0,True
nscodec_cll1,text_0000ff,inf,inf,inf,inf,1.0,1.0,0.0,0.0,0.0,0.0,1.0,0,True
nscodec_cll1,text_00ff00,63.63,69.0,67.57,65.49,1.0,1.0,0.017,0.359,0.053,0.1,0.998,1,False
nscodec_cll1,text_800000,75.6,80.97,68.17,66.92,1.0,1.0,0.013,0.387,0.039,0.063,0.997,1,False
nscodec_cll1,text_ff0000,74.17,79.54,66.74,65.49,1.0,1.0,0.014,0.318,0.043,0.086,0.998,1,False
nscodec_cll1,text_ffffff,55.52,inf,inf,55.52,1.0,1.0,0.028,0.543,0.085,0.0,0.995,2,False
nscodec_cll3,chroma_checker,53.27,46.12,45.08,43.01,0.9977,0.9992,0.456,0.903,0.456,1.469,0.987,4,False
nscodec_cll3,cleartype_text,50.2,47.76,54.12,47.41,0.9997,0.9998,0.347,3.783,0.975,1.292,0.996,6,False
nscodec_cll3,gradient,45.67,43.11,47.28,41.66,0.9158,0.9963,0.631,1.947,0.522,1.027,0.99,6,False
nscodec_cll3,lines_1px,55.38,48.4,47.57,45.05,0.9944,0.9999,0.215,0.903,0.238,0.768,0.99,4,False
nscodec_cll3,solid_patches,48.53,47.61,46.33,44.15,0.9481,0.9999,0.254,0.903,0.212,0.673,0.992,4,False
nscodec_cll3,text_000080,66.18,53.04,66.05,51.31,0.9987,0.9996,0.098,1.953,0.305,0.526,1.032,6,False
nscodec_cll3,text_0000ff,66.52,53.45,66.53,51.71,0.9989,0.9998,0.073,1.56,0.224,0.478,1.015,6,False
nscodec_cll3,text_00ff00,55.48,52.57,51.14,50.54,0.9825,1.0,0.1,1.988,0.306,0.821,1.01,4,False
nscodec_cll3,text_800000,65.28,52.95,58.49,50.85,0.9795,0.9999,0.114,1.863,0.352,0.607,1.031,5,False
nscodec_cll3,text_ff0000,64.39,52.42,56.29,50.14,0.9775,1.0,0.1,1.702,0.307,0.699,1.013,5,False
nscodec_cll3,text_ffffff,55.52,inf,inf,55.52,1.0,1.0,0.028,0.543,0.085,0.0,0.995,2,False
nscodec_cll7,chroma_checker,26.79,19.39,18.99,17.0,0.895,0.6857,12.431,28.423,12.429,28.085,0.752,64,False
nscodec_cll7,cleartype_text,31.18,22.66,28.24,21.66,0.9334,0.9897,3.649,36.034,10.259,23.212,1.024,126,False
nscodec_cll7,gradient,25.76,17.64,23.29,16.7,0.706,0.9232,10.986,31.863,7.897,18.946,0.908,126,False
nscodec_cll7,lines_1px,33.38,22.48,23.13,19.92,0.8791,0.9598,5.035,21.096,5.571,14.712,0.866,64,False
nscodec_cll7,solid_patches,28.01,21.89,21.17,19.06,0.837,0.9699,5.09,21.096,4.457,14.39,0.915,64,False
nscodec_cll7,text_000080,37.95,25.43,37.93,23.59,0.8212,0.8548,1.703,26.838,5.279,14.26,1.892,126,False
nscodec_cll7,text_0000ff,41.07,26.57,44.38,25.08,0.9177,0.9495,1.203,24.95,3.677,10.67,1.256,126,False
nscodec_cll7,text_00ff00,32.0,27.05,25.62,24.8,0.7112,0.9889,1.829,27.506,5.591,16.463,1.246,64,False
nscodec_cll7,text_800000,36.79,25.78,33.0,23.49,0.836,0.9293,2.927,31.307,9.071,15.233,1.917,95,False
nscodec_cll7,text_ff0000,37.9,26.63,30.53,24.21,0.8465,0.9792,2.421,27.568,7.402,14.802,1.22,95,False
nscodec_cll7,text_ffffff,55.52,inf,inf,55.52,1.0,1.0,0.028,0.543,0.085,0.0,0.995,2,False
planar,chroma_checker,inf,inf,inf,inf,1.0,1.0,0.0,0.0,0.0,0.0,1.0,0,True
planar,cleartype_text,inf,inf,inf,inf,1.0,1.0,0.0,0.0,0.0,0.0,1.0,0,True
planar,gradient,inf,inf,inf,inf,1.0,1.0,0.0,0.0,0.0,0.0,1.0,0,True
planar,lines_1px,inf,inf,inf,inf,1.0,1.0,0.0,0.0,0.0,0.0,1.0,0,True
planar,solid_patches,inf,inf,inf,inf,1.0,1.0,0.0,0.0,0.0,0.0,1.0,0,True
planar,text_000080,inf,inf,inf,inf,1.0,1.0,0.0,0.0,0.0,0.0,1.0,0,True
planar,text_0000ff,inf,inf,inf,inf,1.0,1.0,0.0,0.0,0.0,0.0,1.0,0,True
planar,text_00ff00,inf,inf,inf,inf,1.0,1.0,0.0,0.0,0.0,0.0,1.0,0,True
planar,text_800000,inf,inf,inf,inf,1.0,1.0,0.0,0.0,0.0,0.0,1.0,0,True
planar,text_ff0000,inf,inf,inf,inf,1.0,1.0,0.0,0.0,0.0,0.0,1.0,0,True
planar,text_ffffff,inf,inf,inf,inf,1.0,1.0,0.0,0.0,0.0,0.0,1.0,0,True
progressive_simple_default,chroma_checker,39.45,38.41,36.58,34.21,0.9398,0.9399,1.091,4.84,1.221,4.128,0.98,28,False
progressive_simple_default,cleartype_text,41.7,40.79,40.98,35.97,0.99,0.9899,1.18,10.665,3.024,3.835,0.964,42,False
progressive_simple_default,gradient,48.83,48.4,46.06,41.98,0.9857,0.9964,0.705,6.132,1.614,1.824,0.999,16,False
progressive_simple_default,lines_1px,49.03,45.13,45.57,42.14,0.9709,0.9932,0.426,3.514,0.521,1.324,0.993,27,False
progressive_simple_default,solid_patches,68.1,60.92,61.1,56.88,0.9881,1.0,0.019,0.129,0.022,0.215,0.999,1,False
progressive_simple_default,text_000080,47.83,40.79,51.78,39.83,0.9607,0.9681,0.63,6.813,1.681,2.707,0.944,36,False
progressive_simple_default,text_0000ff,45.75,40.49,49.63,39.41,0.9498,0.9693,0.594,6.473,1.507,2.82,0.979,41,False
progressive_simple_default,text_00ff00,43.51,47.78,46.71,43.56,0.9677,0.9861,0.523,5.578,1.187,1.594,1.021,27,False
progressive_simple_default,text_800000,45.6,50.7,41.12,40.29,0.9512,0.9779,0.674,7.007,1.759,2.632,0.967,35,False
progressive_simple_default,text_ff0000,44.81,49.54,41.02,40.03,0.9409,0.9835,0.642,6.528,1.612,2.664,0.994,34,False
progressive_simple_default,text_ffffff,42.22,inf,inf,42.22,0.9987,0.9987,0.157,2.543,0.474,0.0,0.981,18,False
progressive_simple_q6,chroma_checker,44.98,38.66,39.29,34.57,0.9856,0.9848,0.991,3.274,1.164,3.619,0.976,25,False
progressive_simple_q6,cleartype_text,44.81,41.01,41.31,35.99,0.9907,0.9923,1.163,10.627,3.0,3.719,0.954,31,False
progressive_simple_q6,gradient,48.1,47.33,45.27,40.94,0.9837,0.9964,0.768,6.983,2.118,2.204,0.991,20,False
progressive_simple_q6,lines_1px,52.41,45.71,48.35,42.85,0.9903,0.9957,0.378,2.552,0.481,1.205,0.987,22,False
progressive_simple_q6,solid_patches,68.1,60.92,61.1,56.88,0.9881,1.0,0.019,0.129,0.022,0.215,0.999,1,False
progressive_simple_q6,text_000080,51.82,40.72,55.75,39.79,0.9763,0.9837,0.58,6.602,1.532,2.623,0.902,33,False
progressive_simple_q6,text_0000ff,51.4,40.65,55.3,39.73,0.977,0.986,0.523,5.953,1.307,2.653,0.953,30,False
progressive_simple_q6,text_00ff00,50.34,55.6,54.26,51.99,0.9943,0.9912,0.286,2.552,0.524,0.635,1.0,8,False
progressive_simple_q6,text_800000,48.73,54.07,41.58,40.79,0.9749,0.9859,0.614,6.208,1.574,2.45,0.916,26,False
progressive_simple_q6,text_ff0000,48.66,53.97,41.57,40.73,0.9784,0.989,0.57,5.572,1.396,2.414,0.959,26,False
progressive_simple_q6,text_ffffff,43.32,inf,inf,43.32,0.9995,0.9995,0.148,2.2,0.452,0.0,0.977,12,False
progressive_simple_q6_re,chroma_checker,48.24,44.79,45.27,40.01,0.9914,0.9903,0.362,1.612,0.396,1.676,0.987,14,False
progressive_simple_q6_re,cleartype_text,48.47,51.0,51.18,45.46,0.984,0.9865,0.402,2.717,0.943,1.26,0.991,13,False
progressive_simple_q6_re,gradient,50.65,51.93,52.43,47.38,0.9607,0.9967,0.269,1.467,0.564,0.807,0.992,6,False
progressive_simple_q6_re,lines_1px,49.82,53.52,53.48,47.68,0.9698,0.9878,0.253,1.94,0.312,0.612,0.998,8,False
progressive_simple_q6_re,solid_patches,68.1,60.92,61.1,56.88,0.9881,1.0,0.019,0.129,0.022,0.215,0.999,1,False
progressive_simple_q6_re,text_000080,49.42,49.98,54.91,45.57,0.9496,0.9602,0.323,2.226,0.743,1.149,1.018,14,False
progressive_simple_q6_re,text_0000ff,50.04,50.14,55.13,46.0,0.9593,0.9748,0.301,2.191,0.656,1.104,1.007,13,False
progressive_simple_q6_re,text_00ff00,47.55,51.11,51.23,46.94,0.952,0.9831,0.368,2.552,0.779,1.19,1.013,11,False
progressive_simple_q6_re,text_800000,50.33,54.18,50.93,46.82,0.9594,0.9794,0.328,2.112,0.75,1.078,1.018,11,False
progressive_simple_q6_re,text_ff0000,50.13,53.59,51.09,46.66,0.957,0.9835,0.321,2.136,0.707,1.088,1.01,11,False
progressive_simple_q6_re,text_ffffff,49.24,inf,inf,49.24,0.987,0.987,0.085,0.691,0.179,0.0,0.994,5,False
rfx_quant_6,chroma_checker,50.89,45.94,46.27,41.46,0.9975,0.9965,0.417,1.697,0.39,1.266,0.993,19,False
rfx_quant_6,cleartype_text,51.68,50.26,50.52,44.85,0.9978,0.9992,0.41,3.99,1.022,1.242,0.99,17,False
rfx_quant_6,gradient,48.23,49.35,47.4,42.91,0.9826,0.9947,0.579,3.389,1.046,1.105,1.006,14,False
rfx_quant_6,lines_1px,56.67,49.17,54.04,47.02,0.9942,0.9989,0.218,1.312,0.271,0.758,0.994,16,False
rfx_quant_6,solid_patches,51.4,54.97,54.08,48.13,1.0,1.0,0.268,0.414,0.276,0.574,0.994,2,False
rfx_quant_6,text_000080,56.4,49.49,57.54,47.57,0.9897,0.9943,0.274,2.59,0.635,0.99,1.0,17,False
rfx_quant_6,text_0000ff,56.85,49.59,57.6,47.61,0.9903,0.9965,0.24,2.247,0.546,0.971,1.0,18,False
rfx_quant_6,text_00ff00,55.54,55.97,56.02,51.62,0.9842,0.9986,0.185,1.915,0.386,0.582,1.016,8,False
rfx_quant_6,text_800000,56.14,56.82,50.54,48.35,0.9884,0.9979,0.256,2.38,0.631,0.922,1.006,14,False
rfx_quant_6,text_ff0000,56.26,56.81,50.49,48.35,0.9889,0.9988,0.239,2.247,0.577,0.914,1.002,18,False
rfx_quant_6,text_ffffff,51.37,inf,inf,51.37,0.9997,0.9997,0.054,0.898,0.158,0.0,0.994,8,False
rfx_quant_default,chroma_checker,37.2,34.12,36.06,29.97,0.9392,0.9015,1.226,7.584,1.08,3.936,0.981,62,False
rfx_quant_default,cleartype_text,40.5,38.31,38.55,33.31,0.9756,0.9905,1.56,14.716,3.999,5.036,0.983,61,False
rfx_quant_default,gradient,41.52,42.01,40.33,36.21,0.8804,0.9598,1.008,6.479,2.294,2.936,1.046,74,False
rfx_quant_default,lines_1px,45.64,41.06,44.21,38.33,0.9277,0.9906,0.64,4.491,0.932,2.347,0.992,63,False
rfx_quant_default,solid_patches,51.4,54.97,54.08,48.13,1.0,1.0,0.268,0.414,0.276,0.574,0.994,2,False
rfx_quant_default,text_000080,40.2,38.24,42.87,35.29,0.8202,0.8672,1.114,10.322,2.907,4.27,1.128,71,False
rfx_quant_default,text_0000ff,40.82,38.05,43.16,35.31,0.8292,0.9195,1.008,9.982,2.556,4.218,1.052,67,False
rfx_quant_default,text_00ff00,41.26,42.06,42.16,37.29,0.79,0.9852,0.894,9.283,2.211,3.344,1.084,38,False
rfx_quant_default,text_800000,43.07,43.24,39.19,36.07,0.8505,0.9659,1.067,9.308,2.83,3.983,1.112,64,False
rfx_quant_default,text_ff0000,43.11,43.21,38.99,35.96,0.8503,0.9819,1.014,9.358,2.647,3.966,1.049,63,False
rfx_quant_default,text_ffffff,40.08,inf,inf,40.08,0.9948,0.9948,0.197,3.292,0.574,0.0,0.99,28,False
whatif_rfx_quant_6_rounded,chroma_checker,54.15,51.88,53.54,49.32,0.9952,0.9981,0.18,0.681,0.186,0.661,0.998,6,False
whatif_rfx_quant_6_rounded,cleartype_text,54.69,55.58,55.81,50.75,0.998,0.9993,0.235,1.807,0.545,0.697,0.996,8,False
whatif_rfx_quant_6_rounded,gradient,53.92,57.27,56.45,51.22,0.9973,0.9988,0.22,1.09,0.343,0.399,0.999,4,False
whatif_rfx_quant_6_rounded,lines_1px,58.42,55.47,58.81,52.64,0.9944,0.9994,0.134,0.836,0.105,0.294,0.999,5,False
whatif_rfx_quant_6_rounded,solid_patches,60.34,65.71,59.64,58.13,1.0,1.0,0.078,0.368,0.082,0.167,0.999,1,False
whatif_rfx_quant_6_rounded,text_000080,59.09,56.04,60.52,53.28,0.9946,0.9972,0.151,1.312,0.348,0.526,1.011,8,False
whatif_rfx_quant_6_rounded,text_0000ff,59.21,55.87,60.55,53.24,0.9948,0.998,0.144,1.312,0.305,0.519,1.004,8,False
whatif_rfx_quant_6_rounded,text_00ff00,56.64,57.98,58.0,54.08,0.9912,0.9993,0.148,1.312,0.309,0.482,1.009,7,False
whatif_rfx_quant_6_rounded,text_800000,59.62,59.59,56.91,53.72,0.9935,0.999,0.15,1.312,0.346,0.498,1.012,7,False
whatif_rfx_quant_6_rounded,text_ff0000,59.06,59.37,56.65,53.48,0.9929,0.9991,0.15,1.295,0.322,0.501,1.006,8,False
whatif_rfx_quant_6_rounded,text_ffffff,56.03,inf,inf,56.03,0.9997,0.9997,0.03,0.466,0.087,0.0,0.997,4,False
whatif_rfx_quant_default_rounded,chroma_checker,39.7,41.45,38.67,37.58,0.9427,0.9461,0.614,4.842,0.616,2.689,0.992,24,False
whatif_rfx_quant_default_rounded,cleartype_text,42.77,43.68,43.73,38.77,0.9906,0.9953,0.8,7.536,2.067,2.755,0.994,35,False
whatif_rfx_quant_default_rounded,gradient,52.68,55.14,54.59,49.57,0.9951,0.9981,0.26,1.829,0.724,0.777,1.005,9,False
whatif_rfx_quant_default_rounded,lines_1px,49.05,47.74,48.31,44.39,0.9623,0.9966,0.297,2.061,0.319,0.918,1.001,29,False
whatif_rfx_quant_default_rounded,solid_patches,60.34,65.71,59.64,58.13,1.0,1.0,0.078,0.368,0.082,0.167,0.999,1,False
whatif_rfx_quant_default_rounded,text_000080,48.72,44.33,52.04,42.34,0.9645,0.9755,0.467,5.366,1.274,1.927,1.05,31,False
whatif_rfx_quant_default_rounded,text_0000ff,46.14,44.0,49.49,41.46,0.9462,0.9759,0.474,5.483,1.222,2.046,1.03,33,False
whatif_rfx_quant_default_rounded,text_00ff00,43.65,45.28,45.06,40.51,0.8818,0.9938,0.543,6.42,1.394,2.195,1.061,34,False
whatif_rfx_quant_default_rounded,text_800000,46.24,49.01,44.5,41.7,0.936,0.9852,0.519,5.899,1.414,2.014,1.079,29,False
whatif_rfx_quant_default_rounded,text_ff0000,45.13,46.89,44.58,40.88,0.9114,0.9901,0.522,5.985,1.368,2.121,1.048,33,False
whatif_rfx_quant_default_rounded,text_ffffff,43.81,inf,inf,43.81,0.9968,0.9968,0.126,1.964,0.365,0.0,0.995,17,False
yuv444_colorconv_only,chroma_checker,51.86,48.29,47.79,43.24,0.9999,0.9999,0.489,0.626,0.489,1.357,0.988,3,False
yuv444_colorconv_only,cleartype_text,52.7,59.39,60.07,49.78,0.9998,0.9999,0.137,1.311,0.386,0.418,0.988,4,False
yuv444_colorconv_only,gradient,49.12,51.93,50.36,44.91,0.9979,0.9993,0.407,0.945,0.368,0.519,0.994,4,False
yuv444_colorconv_only,lines_1px,57.35,50.92,51.07,46.83,0.9999,0.9999,0.232,0.626,0.251,0.741,0.99,3,False
yuv444_colorconv_only,solid_patches,50.53,49.85,51.15,44.77,0.9999,1.0,0.399,0.963,0.41,0.861,0.992,4,False
yuv444_colorconv_only,text_000080,76.29,59.48,80.23,58.23,0.9999,1.0,0.048,0.806,0.148,0.281,0.985,3,False
yuv444_colorconv_only,text_0000ff,74.16,57.35,78.1,56.1,1.0,1.0,0.045,0.774,0.136,0.35,0.99,3,False
yuv444_colorconv_only,text_00ff00,61.32,66.69,65.26,63.18,1.0,1.0,0.03,0.56,0.092,0.171,0.996,1,False
yuv444_colorconv_only,text_800000,67.48,72.85,60.05,58.8,1.0,0.9999,0.052,0.73,0.16,0.271,0.986,2,False
yuv444_colorconv_only,text_ff0000,65.21,70.58,57.78,56.53,1.0,1.0,0.055,0.627,0.168,0.338,0.99,3,False
yuv444_colorconv_only,text_ffffff,57.07,inf,inf,57.07,1.0,1.0,0.034,0.367,0.104,0.0,0.995,1,False
