variant,FF0000,0000FF,800000,000080,00FF00,FFFFFF,808080,00FFFF,FF00FF,C0C0C0
clearcodec,FF0000,0000FF,800000,000080,00FF00,FFFFFF,808080,00FFFF,FF00FF,C0C0C0
planar,FF0000,0000FF,800000,000080,00FF00,FFFFFF,808080,00FFFF,FF00FF,C0C0C0
nscodec_cll1,FE0000,0000FF,800000,000080,00FE00,FDFDFD,808080,00FEFE,FD00FD,C0C0C0
nscodec_cll3,FB0003,0000FF,800000,000080,03FB03,FDFDFD,808080,00FEFE,FE00FE,C0C0C0
rfx_quant_6,FE0000,0000FD,7E0000,00007F,00FE00,FEFEFE,7F7F7F,00FEFE,FD00FD,BFBFBF
rfx_quant_default,FE0000,0000FD,7E0000,00007F,00FE00,FEFEFE,7F7F7F,00FEFE,FD00FD,BFBFBF
whatif_rfx_quant_default_rounded,FE0000,0000FF,7F0000,000080,00FF00,FFFFFF,808080,00FEFF,FF00FF,C0C0C0
progressive_simple_q6,FF0000,0000FF,800000,010080,00FF01,FFFFFF,808080,01FFFF,FF00FE,C0C0C0
progressive_simple_default,FF0000,0000FF,800000,010080,00FF01,FFFFFF,808080,01FFFF,FF00FE,C0C0C0
avc420_ironrdp_openh264,FF240A,0B1CF6,891B0D,0D1684,00CB07,ECECEC,7E7E7E,00D8EF,FD30F2,B6B6B6
avc420_colorconv_only_current,FF240A,0B1CF6,891B0D,0D1684,00CB07,ECECEC,7E7E7E,00D8EF,FD30F2,B6B6B6
avc420_colorconv_only_bt709full,FE0000,0000FE,800000,000080,01FF01,FFFFFF,818181,00FFFF,FF01FF,C1C1C1
yuv444_colorconv_only,FC0000,0000FC,7F0000,00007F,00FE00,FEFEFE,7F7F7F,00FEFB,FC00FC,BFBFBF
avc420_qp22,FC0000,0000FC,7F0000,00007F,00FE00,FEFEFE,7F7F7F,00FEFB,FC00FC,BFBFBF
avc444v1_filter_t30_qp22,FC0000,0000FC,7F0000,00007F,00FE00,FEFEFE,7F7F7F,00FEFB,FC00FC,BFBFBF
